city,year,month,season,clothing_category,avg_temperature,avg_precipitation,avg_windspeed,avg_humidity,avg_uv_index,avg_rating,review_count,review_demand_score,demand_score_norm,price
Berlin,2019,1,3,Layered clothing,1.1145161304182263,0.09139785088438501,16.492091920427097,83.364968304993,,4.423728813559322,59.0,0.0054,,
Berlin,2019,2,3,Heavy outerwear,4.029315473678123,0.04211309561062427,14.316028845452127,77.69526283513932,,4.578947368421052,38.0,0.0034,,
Berlin,2019,3,0,Heavy outerwear,6.867137096031138,0.0936827962136557,17.87894766337128,76.57316149947464,,4.507692307692308,65.0,0.0059,,
Berlin,2019,4,0,Heavy outerwear,10.648541664513242,0.021111111270470752,14.444946757290099,60.09692835542891,,4.788461538461538,52.0,0.0047,,
Berlin,2019,5,0,Layered clothing,12.675806446922241,0.05551075309474943,13.792759311455553,65.90409377313429,,4.378378378378378,37.0,0.0034,,
Berlin,2019,6,1,Casual wear,23.03430554734336,0.0609722220338881,12.73466033703751,53.932150942749445,,4.316028018129378,7281.0,0.6609,,
Berlin,2019,7,1,Casual wear,20.322916660257565,0.04596774210973132,12.922156175578474,60.27727094516959,,4.332056958238602,8357.0,0.7586,,
Berlin,2019,8,1,Casual wear,21.139448899094777,0.0288978493722376,10.757155149093558,62.80873908022399,,4.320455528326366,6937.0,0.6297,,
Berlin,2019,9,2,Casual wear,15.362638894054625,0.08833333348027533,13.454779514339235,69.38524481455485,,4.3137009842212155,6401.0,0.5811,,
Berlin,2019,10,2,Layered clothing,11.36451611996338,0.08306451701629226,13.053176512641292,82.47328612624958,,4.489583333333333,96.0,0.0087,,
Berlin,2019,11,2,Heavy outerwear,6.320763896773052,0.07263888970224394,13.135610031957428,89.28493733935886,,4.439655172413793,116.0,0.0105,,
Berlin,2019,12,3,Heavy outerwear,4.1081989322468555,0.04327957046728942,14.552447824388421,85.83672330200031,,4.616,125.0,0.0113,,
Berlin,2020,1,3,Heavy outerwear,4.09684140655783,0.054166667023172944,15.65534632949419,85.33741539780812,,4.543103448275862,116.0,0.0105,,
Berlin,2020,2,3,Layered clothing,5.788649428523435,0.14468390922779326,20.719449275012675,78.3029391792999,,4.328125,64.0,0.0058,,
Berlin,2020,3,0,Layered clothing,5.080174740453962,0.046236559868820255,14.800724277893702,70.74193560179843,,4.526315789473684,38.0,0.0034,,
Berlin,2020,4,0,Heavy outerwear,10.299791687701104,0.005694444549994336,12.773409849570857,56.86054797437456,,4.575757575757576,33.0,0.003,,
Berlin,2020,5,0,Layered clothing,12.50866934128346,0.05981182815727367,13.608953139794771,62.85416425940811,,4.7894736842105265,19.0,0.0017,,
Berlin,2020,6,1,Layered clothing,19.08965276612176,0.0711111116119557,12.958028830422295,63.79989612367418,,4.565217391304348,23.0,0.0021,,
Berlin,2020,7,1,Casual wear,18.624126356135132,0.07862903299911689,12.022520519312351,65.12700652563444,,4.302545691906006,6128.0,0.5563,,
Berlin,2020,8,1,Casual wear,22.288373661297623,0.05241935506903676,11.80002243039749,58.14846623841152,,4.318631561294651,5963.0,0.5413,,
Berlin,2020,9,2,Layered clothing,15.821458348300721,0.08125000013452437,10.591438337912162,71.89173812866211,,4.666666666666667,57.0,0.0052,,
Berlin,2020,10,2,Layered clothing,11.341397849462366,0.08521505478288859,14.272429411609968,83.38916772411716,,4.63013698630137,73.0,0.0066,,
Berlin,2020,11,2,Layered clothing,7.011944445388185,0.024305555462423297,12.589018082618713,86.62162163522508,,4.5375,80.0,0.0073,,
Berlin,2020,12,3,Heavy outerwear,3.2104166756404102,0.03575268862468581,13.892101804896068,87.57003572422971,,4.645161290322581,62.0,0.0056,,
Berlin,2021,1,3,Heavy outerwear,0.7015456917134905,0.08790322656552958,13.288890606934025,87.68665913612612,,4.55,60.0,0.0054,,
Berlin,2021,2,3,Thermal wear,0.024404767030362217,0.06666666727202634,12.608648797674547,82.42489687034062,,4.674418604651163,43.0,0.0039,,
Berlin,2021,3,0,Heavy outerwear,4.690591394400564,0.05067204370573964,13.359176044342338,76.71674925537519,,4.565217391304348,46.0,0.0042,,
Berlin,2021,4,0,Layered clothing,6.492291659018439,0.047222222646491396,14.364649155239265,69.82236625883314,,4.354838709677419,31.0,0.0028,,
Berlin,2021,5,0,Layered clothing,12.007862916877192,0.0991935493344421,14.577962934810628,71.76754857647803,,4.782608695652174,23.0,0.0021,,
Berlin,2021,6,1,Layered clothing,21.055138896571265,0.0791666665321423,10.806870983375443,59.416386331452266,,4.533333333333333,15.0,0.0014,,
Berlin,2021,7,1,Waterproof clothing,20.375739232186348,0.10591397924168457,11.44031015595281,72.37095203194566,,4.5,4.0,0.0004,,
Berlin,2021,8,1,Casual wear,17.546236556063416,0.12123656022532653,12.680389443792963,74.25900726420905,,4.181261690188744,5881.0,0.5339,,
Berlin,2021,9,2,Layered clothing,15.971805555290645,0.032777777945415844,11.497769281392296,78.22141040696039,,4.55,40.0,0.0036,,
Berlin,2021,10,2,Layered clothing,10.505376340721243,0.05793010837007915,14.12053058000021,79.28353362442344,,4.590163934426229,61.0,0.0055,,
Berlin,2021,11,2,Layered clothing,5.8821527861834815,0.09125000029388401,13.565508141948117,89.37322680155437,,4.5,50.0,0.0045,,
Berlin,2021,12,3,Heavy outerwear,1.5959677518575743,0.06317204354150642,13.348403825875252,88.66195725369197,,4.482142857142857,56.0,0.0051,,
Berlin,2022,1,3,Layered clothing,3.146505381646616,0.03830645215367117,16.9937882872038,86.20365544288389,,4.653061224489796,98.0,0.0089,,
Berlin,2022,2,3,Heavy outerwear,4.671800594627192,0.0988095247164546,21.03795187175274,79.30705816972824,,4.78,50.0,0.0045,,
Berlin,2022,3,0,Heavy outerwear,4.450470428247886,0.0032258064996811653,11.859240962252501,67.88471952305045,,4.585365853658536,41.0,0.0037,,
Berlin,2022,4,0,Heavy outerwear,8.164652781623106,0.0525000006167425,15.363731059018109,66.3013098637263,,4.741935483870968,31.0,0.0028,,
Berlin,2022,5,0,Layered clothing,15.52258067233588,0.06733870997984884,13.300653517406474,59.21982264262374,,4.631578947368421,19.0,0.0017,,
Berlin,2022,6,1,Layered clothing,19.976527776983048,0.048750000581559205,11.349789841721455,59.047569810019596,,4.333333333333333,18.0,0.0016,,
Berlin,2022,7,1,Casual wear,20.250268814384295,0.060349462483759206,12.855289300282797,56.562057231062205,,4.196918955123912,5972.0,0.5421,,
Berlin,2022,8,1,Casual wear,21.74610214848672,0.0852150534710256,9.90309873219299,63.7163541188804,,4.218103722558066,6286.0,0.5706,,
Berlin,2022,9,2,Layered clothing,13.702847220831448,0.0706944447528157,12.108396886951393,74.45631417168511,,4.633333333333334,60.0,0.0054,,
Berlin,2022,10,2,Layered clothing,12.661155912183947,0.04166666637625425,12.093969198644801,82.6976455770513,,4.578947368421052,114.0,0.0103,,
Berlin,2022,11,2,Layered clothing,5.6240277634002265,0.03361111166369584,13.050736025969188,87.04503565894233,,4.637362637362638,91.0,0.0083,,
Berlin,2022,12,3,Heavy outerwear,1.5068548425270984,0.0729838716947744,13.311206983782911,87.92606526549145,,4.611111111111111,90.0,0.0082,,
Berlin,2023,1,3,Casual wear,4.027822584239265,0.09072580694230975,16.199268082056633,84.42541288560436,,4.319271057540536,6969.0,0.6326,,
Berlin,2023,2,3,Heavy outerwear,2.841369043941432,0.06979166725206942,14.928557698393153,81.8291716121492,,4.891891891891892,37.0,0.0034,,
Berlin,2023,3,0,Heavy outerwear,5.460215057246387,0.11666666736365647,14.666333011201312,78.49368625046104,,4.2631578947368425,19.0,0.0017,,
Berlin,2023,4,0,Layered clothing,7.6946527667395355,0.06625000065606501,13.46789404451847,75.84403243064881,,,,,,
Berlin,2023,5,0,Heavy outerwear,13.873655911414854,0.02163978492821096,13.3771479349303,62.393896748942716,,,,,,
Berlin,2023,6,1,Casual wear,19.384027783075968,0.11319444483766954,11.881870429714521,60.91670859389835,,,,,,
Berlin,2023,7,1,Casual wear,20.13151881771703,0.123924731757612,13.777754276670436,61.840639111816245,,,,,,
Berlin,2023,8,1,Waterproof clothing,19.581854831787847,0.11532258132212264,11.972795370125002,73.0049406072145,,,,,,
Berlin,2023,9,2,Layered clothing,18.899791672494676,0.01916666662113534,10.774476475599739,69.46155058542887,,,,,,
Berlin,2023,10,2,Layered clothing,12.070161277187928,0.12419354922628852,14.772699186558365,82.54308702099708,,,,,,
Berlin,2023,11,2,Layered clothing,5.453333338986462,0.10291666688604487,16.217443429761463,84.01688782374065,,,,,,
Berlin,2023,12,3,Thermal wear,3.664784936539789,0.1694892478345703,17.330115447121283,88.67553885777791,,,,,,
Cairo,2019,1,3,Layered clothing,12.850806452253813,0.00026881720830676374,11.909263880062168,49.03543032369306,,4.423728813559322,59.0,0.0054,,
Cairo,2019,2,3,Layered clothing,14.363318446846236,0.014136905005822578,10.365545774410878,55.047427457003366,,4.5423728813559325,59.0,0.0054,,
Cairo,2019,3,0,Layered clothing,16.839852161304925,0.00967741953910038,12.253136796456191,53.08612121561522,,4.345454545454546,55.0,0.005,,
Cairo,2019,4,0,Layered clothing,20.47493055264155,0.012499999906867742,11.666828145003981,46.54587548242675,,4.642857142857143,28.0,0.0025,,
Cairo,2019,5,0,Casual wear,27.467607573796343,0.0,12.230121592600499,34.27558167967745,,4.297490414778668,5738.0,0.5209,,
Cairo,2019,6,1,Casual wear,29.838541629579332,0.0009722222367094623,11.837940344545576,44.32509480449888,,4.316028018129378,7281.0,0.6609,,
Cairo,2019,7,1,Light clothing,31.073252721499372,0.0,10.302379236907088,44.06797230756411,,4.631205673758865,141.0,0.0128,,
Cairo,2019,8,1,Light clothing,31.01491937073328,0.0,9.682195167067231,45.203419817391264,,4.4245283018867925,106.0,0.0096,,
Cairo,2019,9,2,Light clothing,28.549166689978705,0.0002777777819169892,10.492734586033556,51.61777471171485,,4.477777777777778,90.0,0.0082,,
Cairo,2019,10,2,Casual wear,25.470900507383448,0.021639785338794033,10.024935592166198,58.408894975980125,,4.331393775372124,7390.0,0.6708,,
Cairo,2019,11,2,Casual wear,21.628472205003103,0.0001388888909584946,9.17523527774546,52.57370063993666,,4.3534933619417995,7457.0,0.6769,,
Cairo,2019,12,3,Casual wear,15.902486533887926,0.007795698920725494,11.312496477958335,59.16297043779845,,4.356753812636166,11016.0,1.0,,
Cairo,2020,1,3,Layered clothing,13.39086022748742,0.008602150645787997,11.652018954997422,59.23564313816768,,4.559633027522936,109.0,0.0099,,
Cairo,2020,2,3,Layered clothing,15.046982765882865,0.008764368010920355,10.007548709453522,59.90945917984535,,4.328125,64.0,0.0058,,
Cairo,2020,3,0,Layered clothing,17.96680107872973,0.06895161409091244,12.457791141124181,55.03650041036708,,4.526315789473684,38.0,0.0034,,
Cairo,2020,4,0,Casual wear,21.498819459809198,0.0002777777819169892,11.249218389557468,46.61666885680623,,4.320467000238265,4197.0,0.381,,
Cairo,2020,5,0,Casual wear,26.846370995685618,0.0,12.654760455011681,38.40184706000871,,4.255749770009199,4348.0,0.3947,,
Cairo,2020,6,1,Casual wear,29.158402739630805,0.0,11.58501990818315,39.516385514206355,,4.304813839789395,5318.0,0.4828,,
Cairo,2020,7,1,Casual wear,31.02123656324161,0.0,10.855042542180707,44.57478455830646,,4.302545691906006,6128.0,0.5563,,
Cairo,2020,8,1,Light clothing,31.211088754797494,0.0,9.912746048101814,46.188210101537805,,4.664,125.0,0.0113,,
Cairo,2020,9,2,Light clothing,30.506874974568685,0.0,11.674607310195764,51.117100543446014,,4.544554455445544,101.0,0.0092,,
Cairo,2020,10,2,Casual wear,26.499529615525276,0.0,11.122174706670545,56.69021844351163,,4.298559364133134,6039.0,0.5482,,
Cairo,2020,11,2,Casual wear,19.697430548403,0.010138889102058278,8.67873634228276,61.477473211288455,,4.293214285714286,5600.0,0.5084,,
Cairo,2020,12,3,Layered clothing,16.8530241955993,0.001344086041533819,8.80759744690631,59.15284775021256,,4.6419753086419755,81.0,0.0074,,
Cairo,2021,1,3,Layered clothing,15.655241945738434,0.0008064516249202913,10.595680106951985,59.30589128822409,,4.581081081081081,74.0,0.0067,,
Cairo,2021,2,3,Layered clothing,15.823511924772035,0.011160714352237327,9.880206721879187,59.10545277737436,,4.55,60.0,0.0054,,
Cairo,2021,3,0,Layered clothing,18.31827954707607,0.0014784946557014219,11.384552269653287,48.6810274848374,,4.394736842105263,38.0,0.0034,,
Cairo,2021,4,0,Layered clothing,22.508263863457575,0.0,12.954113419850668,40.46489883197678,,4.354838709677419,31.0,0.0028,,
Cairo,2021,5,0,Casual wear,28.72795702052373,0.0,11.451064562925728,34.87956704247382,,4.241331907744005,6547.0,0.5943,,
Cairo,2021,6,1,Casual wear,28.961180533303153,0.0,11.965954285197787,41.34806487295363,,4.233379183860614,6543.0,0.594,,
Cairo,2021,7,1,Light clothing,31.54072586182625,0.0,10.39799436382068,42.129923728204545,,4.592592592592593,135.0,0.0123,,
Cairo,2021,8,1,Light clothing,31.87607524215534,0.0,10.08107198550496,42.992447262169215,,4.415254237288136,118.0,0.0107,,
Cairo,2021,9,2,Casual wear,28.482430574629042,0.0,11.06437353566289,49.76296059423023,,4.220317725752508,4784.0,0.4343,,
Cairo,2021,10,2,Casual wear,24.86754035180615,0.00040322581246014566,10.6340501464663,54.97807993555582,,4.180900766211923,5351.0,0.4857,,
Cairo,2021,11,2,Casual wear,21.627361118793488,0.004444444427887598,8.671998383353154,60.04449791775809,,4.193602693602694,4752.0,0.4314,,
Cairo,2021,12,3,Casual wear,14.961962378153236,0.016801075388987858,10.362372245839847,63.073285361771944,,4.206890699253225,5892.0,0.5349,,
Cairo,2022,1,3,Layered clothing,12.015255350259043,0.012365591491983142,10.084629781704436,62.40015500335283,,4.653061224489796,98.0,0.0089,,
Cairo,2022,2,3,Layered clothing,13.900148816051937,0.03452380996064416,10.423678733497148,60.60896331923349,,4.6923076923076925,39.0,0.0035,,
Cairo,2022,3,0,Layered clothing,15.456384408217604,0.004569892581271869,12.126992807112714,50.17199086758398,,4.529411764705882,34.0,0.0031,,
Cairo,2022,4,0,Layered clothing,23.7455555650923,0.0037500000662273832,12.848066411084599,38.894295779863995,,4.391304347826087,23.0,0.0021,,
Cairo,2022,5,0,Casual wear,25.930241932151137,0.0,12.444742844470086,39.184985290291486,,4.191505791505792,5180.0,0.4702,,
Cairo,2022,6,1,Casual wear,29.639305573039586,0.0,10.906165585087406,43.60439200136397,,4.23406176629944,5537.0,0.5026,,
Cairo,2022,7,1,Casual wear,30.554905932436707,0.0,10.264974544125218,42.7513371334281,,4.196918955123912,5972.0,0.5421,,
Cairo,2022,8,1,Light clothing,30.79912632511508,0.0,10.977376148425122,47.180876917736505,,4.645833333333333,96.0,0.0087,,
Cairo,2022,9,2,Casual wear,29.05409722858005,0.0,11.374624716821645,50.89559020201365,,4.2654462242562925,5244.0,0.476,,
Cairo,2022,10,2,Light clothing,24.47647846385997,0.01290322559815581,9.416275409681182,56.49667056273388,,4.385964912280702,57.0,0.0052,,
Cairo,2022,11,2,Casual wear,19.841249985165067,0.0002777777819169892,8.225791125082308,57.91677285300361,,4.322585373003077,6823.0,0.6194,,
Cairo,2022,12,3,Layered clothing,17.049260761148187,0.013844086077585015,8.735754646200647,64.96493026005325,,4.649484536082475,97.0,0.0088,,
Cairo,2023,1,3,Layered clothing,15.198521519220003,0.0036290323421839746,9.332456559904161,60.90704279945743,,4.693181818181818,88.0,0.008,,
Cairo,2023,2,3,Layered clothing,13.750892844228517,0.0034226190986200457,10.053227875381708,59.67116976919628,,4.5,50.0,0.0045,,
Cairo,2023,3,0,Casual wear,19.35987902584896,0.010483870983764689,10.571686025108061,46.02818456772835,,4.29664508534432,3398.0,0.3085,,
Cairo,2023,4,0,Layered clothing,22.361944448947906,0.002777777726037635,11.302829516016775,41.67716363867124,,,,,,
Cairo,2023,5,0,Casual wear,25.612164014129227,0.0,12.118467918967688,42.37033620316495,,,,,,
Cairo,2023,6,1,Light clothing,29.63756946987576,0.0005555555638339784,11.731763153605991,40.189762302239735,,,,,,
Cairo,2023,7,1,Casual wear,32.212970372169245,0.0,11.235616533025619,40.12059619990728,,,,,,
Cairo,2023,8,1,Light clothing,31.205376304605956,0.00013440860415338187,11.18300189029786,45.4857285932828,,,,,,
Cairo,2023,9,2,Light clothing,30.09534724553426,0.0001388888909584946,10.653614003459612,45.65336319737964,,,,,,
Cairo,2023,10,2,Light clothing,25.978494595455867,0.0012096774473946581,9.994274658942095,56.14868362488285,,,,,,
Cairo,2023,11,2,Casual wear,22.00680559873581,0.0016666667121979924,10.186390585535102,58.3027590420511,,,,,,
Cairo,2023,12,3,Layered clothing,17.584341386313078,0.008198924753214083,9.531390215800975,64.0112863022794,,,,,,
Cape Town,2019,1,3,Casual wear,20.093696358383344,0.028897849412294487,17.918881408790106,69.13442889849345,,4.346513535684988,6095.0,0.5533,,
Cape Town,2019,2,3,Casual wear,21.122663822912035,0.011755952655914285,17.076991526321287,73.60159117834908,,4.350398179749716,4395.0,0.399,,
Cape Town,2019,3,0,Casual wear,19.118494768296518,0.04099462360584287,14.765012074221847,79.24636568561677,,4.323705926481621,5332.0,0.484,,
Cape Town,2019,4,0,Casual wear,17.205625127421484,0.030555555772864156,13.77350354053908,76.64501779344347,,4.336391437308868,5232.0,0.4749,,
Cape Town,2019,5,0,Layered clothing,15.696787766231004,0.07217741905841776,12.648226909299371,78.91366677130422,,4.378378378378378,37.0,0.0034,,
Cape Town,2019,6,1,Layered clothing,13.680555670791202,0.13458333366240063,13.38816484693024,78.94080639415317,,4.547169811320755,53.0,0.0048,,
Cape Town,2019,7,1,Waterproof clothing,13.423669497812948,0.23145161307747325,16.155414261003976,85.42762859918739,,4.0,10.0,0.0009,,
Cape Town,2019,8,1,Layered clothing,14.061102273643657,0.06706989291174117,12.968741801477247,78.31200213842494,,4.557142857142857,70.0,0.0064,,
Cape Town,2019,9,2,Layered clothing,16.617291768391926,0.048333333401630325,14.045160190098816,74.66883341471355,,4.580645161290323,93.0,0.0084,,
Cape Town,2019,10,2,Layered clothing,16.09443557903331,0.19368279629176663,15.063170466371762,74.07407700118198,,4.489583333333333,96.0,0.0087,,
Cape Town,2019,11,2,Layered clothing,17.88027786811193,0.011388889058596557,16.626096981681055,73.67575318018595,,4.4411764705882355,102.0,0.0093,,
Cape Town,2019,12,3,Casual wear,19.079986678656713,0.047177419987737494,19.643684190047043,68.71439664594588,,4.356753812636166,11016.0,1.0,,
Cape Town,2020,1,3,Casual wear,20.83825279692168,0.0412634409843914,19.271620745099682,74.25845607121785,,4.392203133849349,10594.0,0.9617,,
Cape Town,2020,2,3,Casual wear,21.16133634797458,0.00948275876199377,18.99063570754624,72.54953278618298,,4.330115584910454,7873.0,0.7147,,
Cape Town,2020,3,0,Casual wear,19.63119635146151,0.005913978552706139,16.250666000990456,73.8670284030258,,4.3460736622654625,5756.0,0.5225,,
Cape Town,2020,4,0,Casual wear,17.459652882152135,0.039583334078391395,12.60421679019928,72.63615056673686,,4.320467000238265,4197.0,0.381,,
Cape Town,2020,5,0,Layered clothing,16.15922051604076,0.07741935525129559,11.019518622227254,79.50455665588379,,4.7894736842105265,19.0,0.0017,,
Cape Town,2020,6,1,Layered clothing,14.382916805479262,0.16125000081956387,12.157719231769443,81.00667106840345,,4.565217391304348,23.0,0.0021,,
Cape Town,2020,7,1,Layered clothing,13.84564527837179,0.15846774073177447,12.01315511606874,77.10293189940914,,4.541666666666667,24.0,0.0022,,
Cape Town,2020,8,1,Layered clothing,12.694838827015252,0.1845430106184976,13.980940029746101,77.36543345194991,,4.6923076923076925,39.0,0.0035,,
Cape Town,2020,9,2,Layered clothing,14.02756956020991,0.08902777856629755,13.825340013951063,78.12810180981954,,4.666666666666667,57.0,0.0052,,
Cape Town,2020,10,2,Layered clothing,15.863454450843154,0.04086021518194547,16.340940606049312,75.14690759105068,,4.63013698630137,73.0,0.0066,,
Cape Town,2020,11,2,Casual wear,17.697014015250737,0.056944445479247305,18.266249315440653,71.78143144713508,,4.293214285714286,5600.0,0.5084,,
Cape Town,2020,12,3,Layered clothing,19.117217859914227,0.011424731363051681,17.577949408401725,74.14376147075366,,4.6419753086419755,81.0,0.0074,,
Cape Town,2021,1,3,Casual wear,20.91688188814348,0.021102150671824974,19.64487519804188,72.5452917955255,,4.317986845867887,6994.0,0.6349,,
Cape Town,2021,2,3,Casual wear,20.822366196484793,0.012648809645768432,19.414569998426096,70.47393031347366,,4.31011756323477,5614.0,0.5096,,
Cape Town,2021,3,0,Casual wear,19.02165336506341,0.11129032236634083,15.070502218539996,76.94195580738847,,4.300070871722183,7055.0,0.6404,,
Cape Town,2021,4,0,Casual wear,18.62027786307865,0.01097222219945656,14.912732782628801,75.27543759875827,,4.2394951957550555,6973.0,0.633,,
Cape Town,2021,5,0,Layered clothing,15.138857667164135,0.22822580652772098,11.018767891752143,81.23402518098072,,4.782608695652174,23.0,0.0021,,
Cape Town,2021,6,1,Layered clothing,14.80479180349244,0.20305555570456718,13.25580737926066,78.8063155333201,,4.533333333333333,15.0,0.0014,,
Cape Town,2021,7,1,Layered clothing,12.65055121401305,0.1591397862060256,13.017568736507368,77.39152609917426,,4.636363636363637,22.0,0.002,,
Cape Town,2021,8,1,Layered clothing,12.647459822957234,0.15215053765844272,12.32536931504165,80.40015578526322,,4.863636363636363,22.0,0.002,,
Cape Town,2021,9,2,Layered clothing,14.223472372690837,0.04777777808614903,15.683476888802316,76.74541883733538,,4.55,40.0,0.0036,,
Cape Town,2021,10,2,Layered clothing,16.237580741605452,0.07513440933118584,16.502902897775815,73.98561335379078,,4.590163934426229,61.0,0.0055,,
Cape Town,2021,11,2,Casual wear,17.532708447509343,0.05708333354236351,16.87774061544074,73.50994002289242,,4.193602693602694,4752.0,0.4314,,
Cape Town,2021,12,3,Casual wear,18.843158705260166,0.047849462387622686,17.868047052493658,73.44216024234731,,4.206890699253225,5892.0,0.5349,,
Cape Town,2022,1,3,Casual wear,21.162984012275615,0.0275537634809171,17.978714268374187,72.90995635012145,,4.237453305181095,6157.0,0.5589,,
Cape Town,2022,2,3,Casual wear,20.74111615759986,0.022619047701092704,15.374488122362111,76.5022760118757,,4.179476170030056,4658.0,0.4228,,
Cape Town,2022,3,0,Casual wear,19.854717877603345,0.05147849516041817,18.577319692019174,76.11709412964441,,4.2089141959552325,5093.0,0.4623,,
Cape Town,2022,4,0,Casual wear,17.168888999356163,0.015555555673523081,16.42167431778378,70.69682913621267,,4.229018210609659,5052.0,0.4586,,
Cape Town,2022,5,0,Layered clothing,15.031599583164338,0.05779569936535692,10.842289516201584,79.43133538640956,,4.631578947368421,19.0,0.0017,,
Cape Town,2022,6,1,Layered clothing,15.095000112056733,0.22138888790375658,12.189633034211067,69.85743137730492,,4.333333333333333,18.0,0.0016,,
Cape Town,2022,7,1,Casual wear,13.242486681348534,0.0740591407383001,12.301364987047128,79.29413168404692,,4.196918955123912,5972.0,0.5421,,
Cape Town,2022,8,1,Layered clothing,12.989798515073714,0.10013440932317447,14.6539124227179,77.84213001753695,,4.604651162790698,43.0,0.0039,,
Cape Town,2022,9,2,Casual wear,14.18305568297704,0.043333333875570035,13.617601119478543,77.78659102651808,,4.2654462242562925,5244.0,0.476,,
Cape Town,2022,10,2,Layered clothing,17.392957072104178,0.023924731549316194,17.465158843225048,73.96219657569803,,4.578947368421052,114.0,0.0103,,
Cape Town,2022,11,2,Layered clothing,18.086527880032857,0.023194444686588316,15.31481960217158,71.21770820087856,,4.637362637362638,91.0,0.0083,,
Cape Town,2022,12,3,Casual wear,19.538857626658615,0.09368279575300152,16.427721704246217,73.0678126478708,,4.315405139727567,7121.0,0.6464,,
Cape Town,2023,1,3,Casual wear,20.361572734771237,0.013037634642934927,18.11519771830369,70.93637730229285,,4.319271057540536,6969.0,0.6326,,
Cape Town,2023,2,3,Casual wear,20.773854274125327,0.030803571554965208,21.07137746275181,71.68377132642837,,4.296826625386997,5168.0,0.4691,,
Cape Town,2023,3,0,Casual wear,18.64651889570298,0.10107526874109622,16.79385576405192,78.30333428229055,,4.29664508534432,3398.0,0.3085,,
Cape Town,2023,4,0,Casual wear,16.482152871290843,0.12208333276212216,12.676890968283017,77.76893536779616,,,,,,
Cape Town,2023,5,0,Layered clothing,14.498199059117225,0.12459677384705634,13.641376882030439,81.2685304867324,,,,,,
Cape Town,2023,6,1,Layered clothing,13.498889029688305,0.318055557532029,19.134045028852093,84.49462890095181,,,,,,
Cape Town,2023,7,1,Layered clothing,12.225282412703319,0.09892473081427236,11.61493146267309,77.86338350337039,,,,,,
Cape Town,2023,8,1,Layered clothing,13.578508186724878,0.108602151044354,11.93000084410111,76.88691277145058,,,,,,
Cape Town,2023,9,2,Layered clothing,13.251389016045465,0.17430555631096165,15.08261878548397,75.62538488970863,,,,,,
Cape Town,2023,10,2,Layered clothing,17.41379045414668,0.02069892473919417,15.432691871879562,71.33898316916599,,,,,,
Cape Town,2023,11,2,Layered clothing,18.922361167271934,0.02750000036838982,13.742272916022275,71.0417980591456,,,,,,
Cape Town,2023,12,3,Casual wear,20.226760864257812,0.02029569879654915,19.58128142260736,66.94751836407569,,,,,,
Chicago,2019,1,3,Heavy outerwear,-5.736626349089127,0.09408602229649982,19.854113035785254,76.36448259251092,,4.553191489361702,47.0,0.0043,,
Chicago,2019,2,3,Thermal wear,-2.7738839322978275,0.11309523879373003,19.34900155503835,74.78349694467727,,4.72,25.0,0.0023,,
Chicago,2019,3,0,Heavy outerwear,0.9202285006602284,0.11290322586653694,18.504202758032147,70.39962955444089,,4.507692307692308,65.0,0.0059,,
Chicago,2019,4,0,Heavy outerwear,8.376388879767102,0.15305555573561125,19.934275301463074,75.04390623834398,,4.788461538461538,52.0,0.0047,,
Chicago,2019,5,0,Waterproof clothing,13.120698931076193,0.33803763454880126,17.21200025434135,81.12686049553656,,4.6,5.0,0.0005,,
Chicago,2019,6,1,Casual wear,17.964236125681136,0.2073611123694314,15.884399651487668,82.34539202319252,,4.316028018129378,7281.0,0.6609,,
Chicago,2019,7,1,Casual wear,23.616129056099922,0.12258064570606396,15.247880254381446,76.05547014359504,,4.332056958238602,8357.0,0.7586,,
Chicago,2019,8,1,Casual wear,22.273051064501526,0.1161290327367443,13.440953068355078,75.07913816103371,,4.320455528326366,6937.0,0.6297,,
Chicago,2019,9,2,Casual wear,20.470277770360312,0.25888888864881465,16.489192483408583,80.42480622397528,,4.3137009842212155,6401.0,0.5811,,
Chicago,2019,10,2,Light clothing,11.369086029508741,0.25725806416362845,19.004788685149403,76.0164244662049,,4.571428571428571,84.0,0.0076,,
Chicago,2019,11,2,Heavy outerwear,1.6008333357775377,0.06861111178166336,18.113248497413263,75.93720100190905,,4.439655172413793,116.0,0.0105,,
Chicago,2019,12,3,Heavy outerwear,1.3407930131470884,0.07271505432624009,18.4758793471321,75.9721290244851,,4.616,125.0,0.0113,,
Chicago,2020,1,3,Heavy outerwear,-0.6706317286107248,0.12352150667619,17.97205005021345,78.17598027054981,,4.543103448275862,116.0,0.0105,,
Chicago,2020,2,3,Heavy outerwear,-2.1655172417850244,0.05732758722171701,19.7037180840284,71.71922716875186,,4.4945054945054945,91.0,0.0083,,
Chicago,2020,3,0,Heavy outerwear,4.193010767055576,0.11572580707449746,18.684132966543398,77.31047199618432,,4.511111111111111,45.0,0.0041,,
Chicago,2020,4,0,Heavy outerwear,6.953055557593083,0.17805555617022845,17.88424217382239,75.21147048738268,,4.575757575757576,33.0,0.003,,
Chicago,2020,5,0,Layered clothing,13.079771521030574,0.20389784898568866,16.564430663181888,77.74801338872602,,4.7894736842105265,19.0,0.0017,,
Chicago,2020,6,1,Layered clothing,21.224722221162583,0.14319444424990152,15.71556450318959,72.54367894861433,,4.565217391304348,23.0,0.0021,,
Chicago,2020,7,1,Casual wear,24.58481183616064,0.19905913911599626,13.808537708895821,75.54520958213396,,4.302545691906006,6128.0,0.5563,,
Chicago,2020,8,1,Casual wear,23.225739276537333,0.06680107540300777,13.55414384327108,70.11592109485339,,4.318631561294651,5963.0,0.5413,,
Chicago,2020,9,2,Light clothing,18.51298609309726,0.15874999946811133,18.315699198842047,71.59352730380164,,4.544554455445544,101.0,0.0092,,
Chicago,2020,10,2,Layered clothing,10.42809140774852,0.10134408695082511,19.523275248466,70.16223871067007,,4.63013698630137,73.0,0.0066,,
Chicago,2020,11,2,Layered clothing,7.894513902502755,0.061527778435912395,21.48623988661501,69.56658798853556,,4.5375,80.0,0.0073,,
Chicago,2020,12,3,Heavy outerwear,0.24375000230527372,0.07634408663838141,17.776531645206994,73.30293718717431,,4.645161290322581,62.0,0.0056,,
Chicago,2021,1,3,Heavy outerwear,-1.76263440558086,0.10120967868715525,17.469733425045526,80.11299350697507,,4.55,60.0,0.0054,,
Chicago,2021,2,3,Heavy outerwear,-7.115848201936821,0.06755952460558287,20.571637593387138,78.04108514672234,,4.48,50.0,0.0045,,
Chicago,2021,3,0,Heavy outerwear,5.3528898040443575,0.06666666681888284,20.00017598655916,71.2234431492385,,4.565217391304348,46.0,0.0042,,
Chicago,2021,4,0,Heavy outerwear,9.733402756860272,0.07388888927590516,17.333719414803717,66.2275290356742,,4.552631578947368,38.0,0.0034,,
Chicago,2021,5,0,Layered clothing,14.764045694181997,0.11868279578504703,17.523895986458307,67.53766175752045,,4.782608695652174,23.0,0.0021,,
Chicago,2021,6,1,Casual wear,22.363888888888887,0.25638889002924165,15.783434662512606,71.04719410207537,,4.233379183860614,6543.0,0.594,,
Chicago,2021,7,1,Light clothing,22.719959676906626,0.15013440945736503,15.226969015173694,77.94663223912639,,4.592592592592593,135.0,0.0123,,
Chicago,2021,8,1,Casual wear,24.11411291809492,0.18965053852767713,14.006204976349748,76.88650739064781,,4.181261690188744,5881.0,0.5339,,
Chicago,2021,9,2,Casual wear,20.77611111137602,0.07916666645970609,18.129856926202773,68.03466112878587,,4.220317725752508,4784.0,0.4343,,
Chicago,2021,10,2,Casual wear,15.207056431360142,0.31303763578856186,17.845849341602737,79.83130694973853,,4.180900766211923,5351.0,0.4857,,
Chicago,2021,11,2,Layered clothing,4.273680555918771,0.04402777834071053,19.2481754594379,70.03857520951165,,4.5,50.0,0.0045,,
Chicago,2021,12,3,Heavy outerwear,2.862903216272913,0.09677419413922615,18.942324368142952,75.11981738510953,,4.482142857142857,56.0,0.0051,,
Chicago,2022,1,3,Heavy outerwear,-6.771908606147213,0.042338710248229966,20.006991261115637,70.93026982840671,,4.6461538461538465,65.0,0.0059,,
Chicago,2022,2,3,Heavy outerwear,-3.345833331850978,0.12261904810466581,21.68742714857771,72.2481743721735,,4.78,50.0,0.0045,,
Chicago,2022,3,0,Layered clothing,3.3510080644890907,0.18481182834754387,18.585276895793534,72.9731790968167,,4.529411764705882,34.0,0.0031,,
Chicago,2022,4,0,Heavy outerwear,7.660625011448024,0.1519444459117949,20.943620546658835,73.71186060640547,,4.741935483870968,31.0,0.0028,,
Chicago,2022,5,0,Waterproof clothing,15.921102173866764,0.1990591403076886,19.399051028714386,75.83954386557302,,5.0,5.0,0.0005,,
Chicago,2022,6,1,Light clothing,21.668680573834312,0.10097222346812487,15.564060654739539,64.17344777054257,,4.670886075949367,79.0,0.0072,,
Chicago,2022,7,1,Light clothing,23.213776878131334,0.16653225723133291,15.337461397292152,73.89280285630174,,4.486486486486487,111.0,0.0101,,
Chicago,2022,8,1,Light clothing,22.545362872462118,0.19381720542667374,14.712142560951492,78.30401449818766,,4.645833333333333,96.0,0.0087,,
Chicago,2022,9,2,Light clothing,19.23486113945643,0.11555555553899871,15.63632994517684,74.16287542449103,,4.541176470588235,85.0,0.0077,,
Chicago,2022,10,2,Layered clothing,11.705981184237746,0.1166666678042822,19.368744186816677,67.42389603584043,,4.578947368421052,114.0,0.0103,,
Chicago,2022,11,2,Layered clothing,5.786319438719915,0.05375000008692344,21.18343757821454,69.58067005475363,,4.637362637362638,91.0,0.0083,,
Chicago,2022,12,3,Heavy outerwear,-1.4159274236950021,0.07930107560930072,20.29102860675544,71.90986081605317,,4.611111111111111,90.0,0.0082,,
Chicago,2023,1,3,Heavy outerwear,-0.19045699088363557,0.08763440876638376,16.921221433467764,82.36159250813145,,4.578947368421052,76.0,0.0069,,
Chicago,2023,2,3,Thermal wear,0.3776785707034703,0.13422619028105623,20.761196102769603,71.24996446995507,,4.733333333333333,15.0,0.0014,,
Chicago,2023,3,0,Heavy outerwear,2.4981182788558787,0.10215053867588761,19.928047126539614,74.12306089811428,,4.2631578947368425,19.0,0.0017,,
Chicago,2023,4,0,Casual wear,9.690000025084656,0.11041666690467132,19.092271310422156,67.32688982486725,,,,,,
Chicago,2023,5,0,Layered clothing,13.94233870153786,0.0641129032097837,16.270323615881704,69.22706133575849,,,,,,
Chicago,2023,6,1,Casual wear,19.431597169240316,0.08611111187686522,15.977213652431965,68.89013573593563,,,,,,
Chicago,2023,7,1,Light clothing,22.211088706088322,0.41465053543127994,12.142465760550833,78.30378785184635,,,,,,
Chicago,2023,8,1,Casual wear,21.980577979036557,0.150403226765814,15.240440953883432,77.87513785208425,,,,,,
Chicago,2023,9,2,Casual wear,19.477986096011268,0.2361111097762154,14.373037081211805,77.50611019399432,,,,,,
Chicago,2023,10,2,Casual wear,12.833534936791146,0.16908602258290656,18.454133751251366,75.3144660457488,,,,,,
Chicago,2023,11,2,Heavy outerwear,5.320277782374372,0.048888889068944584,17.91213050285975,71.56797892252604,,,,,,
Chicago,2023,12,3,Layered clothing,3.4056451672297574,0.0990591404398763,16.005736054592234,79.58341857438447,,,,,,
Dubai,2019,1,3,Casual wear,20.547983907884166,0.0008064516149060701,13.778580529715425,64.43156898918973,,4.346513535684988,6095.0,0.5533,,
Dubai,2019,2,3,Casual wear,20.046279724155152,0.036160714081710295,16.012646566100774,63.310666720072426,,4.350398179749716,4395.0,0.399,,
Dubai,2019,3,0,Casual wear,21.90000000820365,0.018548387252996044,20.00743358854645,59.93498039886516,,4.323705926481621,5332.0,0.484,,
Dubai,2019,4,0,Light clothing,26.651180587874517,0.01972222231949369,16.017938981950284,49.1590130355623,,4.602941176470588,68.0,0.0062,,
Dubai,2019,5,0,Casual wear,29.75712369077949,0.0,14.230087671148521,54.351703957844805,,4.297490414778668,5738.0,0.5209,,
Dubai,2019,6,1,Light clothing,33.79909715652466,0.0,13.303780094078846,54.42473833560943,,4.506578947368421,152.0,0.0138,,
Dubai,2019,7,1,Light clothing,34.86713711677059,0.0,15.479946938814015,57.23437611262003,,4.631205673758865,141.0,0.0128,,
Dubai,2019,8,1,Light clothing,34.924529572968844,0.0,13.802616613606611,55.60904473386785,,4.4245283018867925,106.0,0.0096,,
Dubai,2019,9,2,Light clothing,33.06138892968496,0.0,12.657968862768676,65.50163959264755,,4.477777777777778,90.0,0.0082,,
Dubai,2019,10,2,Light clothing,29.99623656016524,0.0014784945956160945,12.491017348743895,64.33291568038284,,4.571428571428571,84.0,0.0076,,
Dubai,2019,11,2,Light clothing,24.187777754995558,0.01916666669357154,13.00209105838504,58.95077922741572,,4.513513513513513,74.0,0.0067,,
Dubai,2019,12,3,Casual wear,21.304704296973444,0.017741935628075755,12.43888445839446,67.81815653206199,,4.356753812636166,11016.0,1.0,,
Dubai,2020,1,3,Casual wear,18.64704301664906,0.1720430128356462,15.537135244136856,67.56647876001173,,4.392203133849349,10594.0,0.9617,,
Dubai,2020,2,3,Layered clothing,20.269540182475385,0.000431034489181535,14.214698832953113,64.90052876938348,,4.328125,64.0,0.0058,,
Dubai,2020,3,0,Casual wear,22.74690863265786,0.025403226195003396,16.46363715006299,59.596634518715646,,4.3460736622654625,5756.0,0.5225,,
Dubai,2020,4,0,Casual wear,27.604999984635246,0.010138888957185878,13.732510614726278,51.76658305062188,,4.320467000238265,4197.0,0.381,,
Dubai,2020,5,0,Light clothing,30.548991928818406,0.00013440860415338187,13.122662254879552,53.371807340652715,,4.7164179104477615,67.0,0.0061,,
Dubai,2020,6,1,Light clothing,33.357013877232866,0.0,13.221381210784118,63.46712088055081,,4.646616541353383,133.0,0.0121,,
Dubai,2020,7,1,Light clothing,35.62641131749717,0.0,14.396381747738648,51.70104355068617,,4.544776119402985,134.0,0.0122,,
Dubai,2020,8,1,Light clothing,35.225000053323726,0.0,13.439394155817647,60.54554789745679,,4.664,125.0,0.0113,,
Dubai,2020,9,2,Light clothing,32.28597218195598,0.0,12.194070749440128,56.795690863662294,,4.544554455445544,101.0,0.0092,,
Dubai,2020,10,2,Light clothing,28.515120967741936,0.0,12.624873225487047,50.8336566353357,,4.476190476190476,84.0,0.0076,,
Dubai,2020,11,2,Casual wear,25.41076387034522,0.005833333440952831,13.604587390191025,62.41408998701308,,4.293214285714286,5600.0,0.5084,,
Dubai,2020,12,3,Casual wear,21.688844064230558,0.0005376344166135275,12.788697927068638,61.4617408398659,,4.305716406829992,6735.0,0.6114,,
Dubai,2021,1,3,Casual wear,18.857661281862566,0.0,13.158935880068169,62.172528589925456,,4.317986845867887,6994.0,0.6349,,
Dubai,2021,2,3,Casual wear,21.09159222529048,0.0,12.44257423880377,71.47979364508674,,4.31011756323477,5614.0,0.5096,,
Dubai,2021,3,0,Casual wear,24.424126378951534,0.0,14.677544627138364,56.50059086789367,,4.300070871722183,7055.0,0.6404,,
Dubai,2021,4,0,Casual wear,27.66256946457757,0.002500000016556846,13.88356416316496,51.32032556136449,,4.2394951957550555,6973.0,0.633,,
Dubai,2021,5,0,Light clothing,30.785483870455014,0.0,13.58492712267945,57.105043509314136,,4.669902912621359,103.0,0.0094,,
Dubai,2021,6,1,Light clothing,33.74916670587328,0.0,14.477150623997053,56.74793232811822,,4.598039215686274,102.0,0.0093,,
Dubai,2021,7,1,Light clothing,35.495967662462625,0.00040322581246014566,15.17851078013579,52.83458888658913,,4.592592592592593,135.0,0.0123,,
Dubai,2021,8,1,Light clothing,34.75719089149147,0.0,13.459676489714653,57.02513861399825,,4.415254237288136,118.0,0.0107,,
Dubai,2021,9,2,Light clothing,32.880624975098506,0.0,12.323826691756645,64.43994179831611,,4.614285714285714,70.0,0.0064,,
Dubai,2021,10,2,Light clothing,30.142809150039508,0.0,12.273751639150163,62.46456753118064,,4.362068965517241,58.0,0.0053,,
Dubai,2021,11,2,Casual wear,25.893888884120518,0.0002777777819169892,12.38016945761111,61.45677798986435,,4.193602693602694,4752.0,0.4314,,
Dubai,2021,12,3,Casual wear,22.342002709706623,0.0020161290322580645,12.423859585116627,62.39591645297184,,4.206890699253225,5892.0,0.5349,,
Dubai,2022,1,3,Casual wear,19.640994644934132,0.04731182808116559,14.929510916673369,69.86399808750357,,4.237453305181095,6157.0,0.5589,,
Dubai,2022,2,3,Casual wear,20.2968749659402,0.0001488095260269585,14.309385225708995,67.43509182192031,,4.179476170030056,4658.0,0.4228,,
Dubai,2022,3,0,Casual wear,24.177217762957337,0.0,14.57068184715125,59.91648676574871,,4.2089141959552325,5093.0,0.4623,,
Dubai,2022,4,0,Casual wear,27.523194442854987,0.0,12.756205213069915,56.27200427254041,,4.229018210609659,5052.0,0.4586,,
Dubai,2022,5,0,Light clothing,29.71391131544626,0.0,17.452129290309003,55.97943567716947,,4.402985074626866,67.0,0.0061,,
Dubai,2022,6,1,Light clothing,33.29868049886492,0.0,14.424109417738187,54.19962049325307,,4.670886075949367,79.0,0.0072,,
Dubai,2022,7,1,Light clothing,34.67002687402951,0.03521505391765987,15.10854875544707,58.65855908137496,,4.486486486486487,111.0,0.0101,,
Dubai,2022,8,1,Light clothing,34.65934139169673,0.0,12.63975955573942,49.845855903881855,,4.645833333333333,96.0,0.0087,,
Dubai,2022,9,2,Light clothing,32.45715280108982,0.0,13.157993050126565,61.304578291045296,,4.541176470588235,85.0,0.0077,,
Dubai,2022,10,2,Light clothing,29.243346788549935,0.0,11.617291650504514,63.37516569578519,,4.385964912280702,57.0,0.0052,,
Dubai,2022,11,2,Casual wear,26.927083330684237,0.0015277778108914693,12.546083083169329,61.17087997595469,,4.322585373003077,6823.0,0.6194,,
Dubai,2022,12,3,Casual wear,22.73400536532043,0.047311827620511414,12.791758424932919,61.60489943976043,,4.315405139727567,7121.0,0.6464,,
Dubai,2023,1,3,Casual wear,19.455309135939487,0.0625000006609386,14.954430280353433,65.58846225020706,,4.319271057540536,6969.0,0.6326,,
Dubai,2023,2,3,Casual wear,21.185267841532117,0.000595238104107834,14.596029093932538,63.66013987291427,,4.296826625386997,5168.0,0.4691,,
Dubai,2023,3,0,Casual wear,23.7438171819974,0.0053763440659930625,14.691545421558041,62.93426187576786,,4.29664508534432,3398.0,0.3085,,
Dubai,2023,4,0,Casual wear,24.923750000529818,0.0,15.143023307207558,60.384148805671266,,,,,,
Dubai,2023,5,0,Casual wear,30.165860206850112,0.0,14.72069372617269,53.41567143445374,,,,,,
Dubai,2023,6,1,Light clothing,33.22777778837416,0.0,15.019383539218042,57.68394913540946,,,,,,
Dubai,2023,7,1,Light clothing,35.52842743166031,0.0,13.8722224717419,57.181965261377314,,,,,,
Dubai,2023,8,1,Light clothing,35.64254033950068,0.0,13.154654154694208,54.41975550754096,,,,,,
Dubai,2023,9,2,Light clothing,34.10840279526181,0.0,13.013541397038434,56.72582819925414,,,,,,
Dubai,2023,10,2,Light clothing,30.482997312340686,0.011559140057333054,11.479370543552983,65.14752942515958,,,,,,
Dubai,2023,11,2,Casual wear,26.57937502331204,0.03222222195731269,12.878888467450937,57.65371339188682,,,,,,
Dubai,2023,12,3,Casual wear,22.65483872095744,0.0009408602290736732,11.321365102244322,62.389114991311104,,,,,,
Dublin,2019,1,3,Layered clothing,5.952647851659886,0.031989247778490666,17.226032583143123,84.21857770284016,,4.423728813559322,59.0,0.0054,,
Dublin,2019,2,3,Heavy outerwear,7.945327303056339,0.06279761953988955,18.397406626226648,80.33632619040353,,4.578947368421052,38.0,0.0034,,
Dublin,2019,3,0,Layered clothing,7.960645119028706,0.1270161293827558,20.52185488612421,77.72488294109222,,4.345454545454546,55.0,0.005,,
Dublin,2019,4,0,Layered clothing,8.856388821370071,0.13291666817127,16.89967115877403,80.69340912501018,,4.642857142857143,28.0,0.0025,,
Dublin,2019,5,0,Layered clothing,11.195524074057097,0.07594086106626256,13.380539935322538,77.50591461120113,,4.378378378378378,37.0,0.0034,,
Dublin,2019,6,1,Layered clothing,13.248819321393967,0.13069444509843986,14.558848465565179,78.67961786058214,,4.547169811320755,53.0,0.0048,,
Dublin,2019,7,1,Layered clothing,16.846734182808987,0.06465053857774825,13.412008231806178,77.01761890739523,,4.512820512820513,39.0,0.0035,,
Dublin,2019,8,1,Layered clothing,16.12979862638699,0.14610215236422835,16.83568755208805,79.03875312497539,,4.557142857142857,70.0,0.0064,,
Dublin,2019,9,2,Layered clothing,14.208680495950912,0.13833333395628467,16.299971322053008,79.30992194281684,,4.580645161290323,93.0,0.0084,,
Dublin,2019,10,2,Layered clothing,10.444112736050801,0.12688172131937037,17.30400507929184,79.66598069795998,,4.489583333333333,96.0,0.0087,,
Dublin,2019,11,2,Layered clothing,7.581666670408514,0.2158333346558114,18.089809773365655,84.76562369664511,,4.4411764705882355,102.0,0.0093,,
Dublin,2019,12,3,Heavy outerwear,6.835981195572243,0.08172043025373452,18.763483324678994,83.42381238937378,,4.616,125.0,0.0113,,
Dublin,2020,1,3,Layered clothing,6.925631749694065,0.0739247314131228,18.191661187517706,82.42544324936405,,4.559633027522936,109.0,0.0099,,
Dublin,2020,2,3,Layered clothing,6.55765808724809,0.18103448446069298,26.57385981254194,75.98924309083785,,4.328125,64.0,0.0058,,
Dublin,2020,3,0,Heavy outerwear,6.954865609205538,0.034677419791458754,19.23642432946031,76.39239564505957,,4.511111111111111,45.0,0.0041,,
Dublin,2020,4,0,Layered clothing,9.453749890459909,0.04138888923658265,14.061335741273231,77.40473585128784,,4.46875,32.0,0.0029,,
Dublin,2020,5,0,Layered clothing,12.272002616556742,0.025672043213039956,15.792954203582578,68.64047118668915,,4.7894736842105265,19.0,0.0017,,
Dublin,2020,6,1,Layered clothing,14.297499976555507,0.1254166675110658,16.66001843723158,77.03708318074544,,4.565217391304348,23.0,0.0021,,
Dublin,2020,7,1,Layered clothing,15.326908742227863,0.15309139861855456,16.04850020283653,78.17606328636087,,4.541666666666667,24.0,0.0022,,
Dublin,2020,8,1,Casual wear,15.775631891783847,0.1598118283755837,15.396359567480381,83.58013771939021,,4.318631561294651,5963.0,0.5413,,
Dublin,2020,9,2,Layered clothing,14.066527810030513,0.07805555559073886,15.581380300720532,80.06337704658509,,4.666666666666667,57.0,0.0052,,
Dublin,2020,10,2,Layered clothing,10.732553503205699,0.11895161377446305,19.666965245639766,78.56452631694015,,4.63013698630137,73.0,0.0066,,
Dublin,2020,11,2,Layered clothing,9.46652766863505,0.09791666762903332,18.595485632121562,83.81407798131308,,4.5375,80.0,0.0073,,
Dublin,2020,12,3,Layered clothing,5.877647869073615,0.1432795706154999,19.88955029492737,84.94842696446244,,4.6419753086419755,81.0,0.0074,,
Dublin,2021,1,3,Heavy outerwear,4.873145180759371,0.1450268833307169,18.51506977664527,86.09271310478128,,4.55,60.0,0.0054,,
Dublin,2021,2,3,Heavy outerwear,6.7288094874294035,0.12470238149121758,22.75118377911193,78.36578961781093,,4.48,50.0,0.0045,,
Dublin,2021,3,0,Heavy outerwear,8.132419309308451,0.048252688991206306,17.034330012497083,79.97404247714627,,4.565217391304348,46.0,0.0042,,
Dublin,2021,4,0,Layered clothing,7.474583307270788,0.03500000045945247,13.035136357529296,75.05175607999166,,4.354838709677419,31.0,0.0028,,
Dublin,2021,5,0,Heavy outerwear,9.949690705986432,0.15618279637388324,15.30874043270465,77.20778030990273,,4.571428571428571,28.0,0.0025,,
Dublin,2021,6,1,Layered clothing,14.909027829435136,0.03597222265476982,13.052270263019535,74.92544628779093,,4.533333333333333,15.0,0.0014,,
Dublin,2021,7,1,Layered clothing,17.095121333676,0.08427419466397135,11.421864266196886,79.05041787444904,,4.636363636363637,22.0,0.002,,
Dublin,2021,8,1,Layered clothing,15.643373748307587,0.08037634470289753,13.299657454493866,82.26267681839646,,4.863636363636363,22.0,0.002,,
Dublin,2021,9,2,Layered clothing,15.380416760179731,0.06361111127254036,13.277422467205259,83.1134320947859,,4.55,40.0,0.0036,,
Dublin,2021,10,2,Waterproof clothing,12.543642344013337,0.20954301063051467,16.233152067308787,81.20822050238168,,3.625,8.0,0.0007,,
Dublin,2021,11,2,Layered clothing,8.832708231608073,0.03180555610193147,17.83118544916312,82.43622581693862,,4.5,50.0,0.0045,,
Dublin,2021,12,3,Layered clothing,7.69572580790007,0.13252688157221965,18.14730983347662,85.76080547866,,4.605633802816901,71.0,0.0064,,
Dublin,2022,1,3,Layered clothing,6.411250029360095,0.020967742077685814,16.69674725678339,82.35754559629707,,4.653061224489796,98.0,0.0089,,
Dublin,2022,2,3,Layered clothing,7.613035660237074,0.14196428638838587,25.476520397833415,77.75746591318222,,4.6923076923076925,39.0,0.0035,,
Dublin,2022,3,0,Heavy outerwear,7.713803725257035,0.08682795790254429,16.6169444063418,78.61698924341509,,4.585365853658536,41.0,0.0037,,
Dublin,2022,4,0,Heavy outerwear,8.880416532336838,0.05194444492873218,16.585009806851545,78.30867687331306,,4.741935483870968,31.0,0.0028,,
Dublin,2022,5,0,Layered clothing,12.673951436755477,0.08884408703494456,16.030185001591843,76.29688162444741,,4.631578947368421,19.0,0.0017,,
Dublin,2022,6,1,Layered clothing,14.308750006225374,0.14375000080714623,15.759572919292582,75.33881101608276,,4.333333333333333,18.0,0.0016,,
Dublin,2022,7,1,Layered clothing,17.18255413219493,0.053225806984369475,13.477953888756293,74.39948790560487,,4.5625,16.0,0.0015,,
Dublin,2022,8,1,Layered clothing,16.782688431842352,0.0594086027553966,12.614822563665207,75.36044703247727,,4.604651162790698,43.0,0.0039,,
Dublin,2022,9,2,Casual wear,14.201249995496537,0.19402777749217218,15.632499703102642,79.81327072249519,,4.2654462242562925,5244.0,0.476,,
Dublin,2022,10,2,Layered clothing,12.9994890510395,0.17809139792957612,19.47538406025338,79.89423885653096,,4.578947368421052,114.0,0.0103,,
Dublin,2022,11,2,Waterproof clothing,9.85736098157035,0.1533333335692684,19.530895854698286,81.71249663564893,,4.166666666666667,6.0,0.0005,,
Dublin,2022,12,3,Layered clothing,5.504395165165225,0.0958333333593703,17.04019609366053,82.81872939550749,,4.649484536082475,97.0,0.0088,,
Dublin,2023,1,3,Layered clothing,6.559301067469141,0.0844086024569728,20.65928949271479,82.34491864583825,,4.693181818181818,88.0,0.008,,
Dublin,2023,2,3,Layered clothing,8.127693400457723,0.024851190757804682,17.889326449661027,79.87503395761762,,4.5,50.0,0.0045,,
Dublin,2023,3,0,Layered clothing,7.712594028081624,0.18037634567227415,18.009270638708145,79.72156890233357,,4.44,25.0,0.0023,,
Dublin,2023,4,0,Waterproof clothing,9.285763767527209,0.1398611127709349,15.745561848870581,80.54722543822395,,,,,,
Dublin,2023,5,0,Layered clothing,12.747540136819245,0.04677419397499292,12.070628649605219,79.9787216545433,,,,,,
Dublin,2023,6,1,Layered clothing,16.28541691435708,0.08875000092925298,12.339828186730545,77.9745449701945,,,,,,
Dublin,2023,7,1,Layered clothing,15.479865767622506,0.19610215117654173,17.204852622362875,78.52309898663593,,,,,,
Dublin,2023,8,1,Layered clothing,15.951908808882518,0.15967741976141608,16.515261780670894,79.35497641307052,,,,,,
Dublin,2023,9,2,Layered clothing,15.419583466317919,0.17930555601293843,15.323557122175892,83.51919747988383,,,,,,
Dublin,2023,10,2,Casual wear,12.513198888750486,0.17029570006034386,15.627525589679198,82.38473498436713,,,,,,
Dublin,2023,11,2,Waterproof clothing,8.439444350865152,0.08361111213970515,18.951687062117788,82.21047167248196,,,,,,
Dublin,2023,12,3,Heavy outerwear,8.265416574043533,0.1274193548947893,23.676196578369346,82.56014256323537,,,,,,
Jakarta,2019,1,3,Casual wear,26.452083356918827,0.34045699005445806,8.126317167915003,85.14682350876511,,4.346513535684988,6095.0,0.5533,,
Jakarta,2019,2,3,Light clothing,26.540773800441197,0.3714285736814851,5.614357495591754,86.61844974472409,,4.463414634146342,41.0,0.0037,,
Jakarta,2019,3,0,Casual wear,26.7137096928012,0.3439516129613083,6.404696209055762,85.19808531320223,,4.323705926481621,5332.0,0.484,,
Jakarta,2019,4,0,Light clothing,26.960486102104188,0.34819444650784137,4.825312504213717,86.16965409914653,,4.602941176470588,68.0,0.0062,,
Jakarta,2019,5,0,Casual wear,27.3659274296094,0.17849462377207895,5.336876172091691,82.11603425651468,,4.297490414778668,5738.0,0.5209,,
Jakarta,2019,6,1,Light clothing,27.73951387140486,0.0437500005794896,5.934618338776959,74.01373043060303,,4.506578947368421,152.0,0.0138,,
Jakarta,2019,7,1,Casual wear,27.952957009756435,0.0284946239102752,7.6692527502134284,66.58727555377509,,4.332056958238602,8357.0,0.7586,,
Jakarta,2019,8,1,Casual wear,27.85033602611993,0.03494623694969441,7.28847429148292,65.45617436337214,,4.320455528326366,6937.0,0.6297,,
Jakarta,2019,9,2,Casual wear,28.345555538601346,0.011666666850861577,7.298634741372532,65.90827688111199,,4.3137009842212155,6401.0,0.5811,,
Jakarta,2019,10,2,Light clothing,28.598118294951735,0.06639784977080361,6.460919562967554,69.74632181659821,,4.571428571428571,84.0,0.0076,,
Jakarta,2019,11,2,Light clothing,28.050624995761446,0.18736111288890242,5.543121703548564,77.52765754063924,,4.513513513513513,74.0,0.0067,,
Jakarta,2019,12,3,Light clothing,26.93030917516319,0.5719086055553728,5.207466609856134,85.23632170051657,,4.514285714285714,105.0,0.0095,,
Jakarta,2020,1,3,Waterproof clothing,26.453696215024557,0.5748655937451829,6.637678889858146,87.7241028867742,,3.7857142857142856,14.0,0.0013,,
Jakarta,2020,2,3,Casual wear,26.307471258886928,0.553017243507436,5.8571413149950144,88.46646609251526,,4.330115584910454,7873.0,0.7147,,
Jakarta,2020,3,0,Light clothing,26.784946280141032,0.4380376351576659,6.052786957232222,86.50492218489288,,4.584615384615384,65.0,0.0059,,
Jakarta,2020,4,0,Casual wear,26.982152798440723,0.38958333315741683,5.356060834063424,86.86753034061856,,4.320467000238265,4197.0,0.381,,
Jakarta,2020,5,0,Light clothing,27.22520160675049,0.3174731186841444,5.095436639883506,85.88671749894337,,4.7164179104477615,67.0,0.0061,,
Jakarta,2020,6,1,Light clothing,27.07659719520145,0.16958333547744486,5.649375651445654,82.74030839072333,,4.646616541353383,133.0,0.0121,,
Jakarta,2020,7,1,Casual wear,27.264583333846062,0.10685483939064447,6.469697897873258,76.40774718664025,,4.302545691906006,6128.0,0.5563,,
Jakarta,2020,8,1,Casual wear,27.797849434678273,0.09811827993040444,7.148841933737839,73.08298194023871,,4.318631561294651,5963.0,0.5413,,
Jakarta,2020,9,2,Light clothing,27.76722222963969,0.12291666789808207,6.551183310813374,75.55235745112101,,4.544554455445544,101.0,0.0092,,
Jakarta,2020,10,2,Light clothing,27.212701577012258,0.30564516174897394,5.2597585022048925,80.66105148356448,,4.476190476190476,84.0,0.0076,,
Jakarta,2020,11,2,Light clothing,27.045000012715658,0.2863888896484342,6.082977241319087,83.40212462743123,,4.372549019607843,51.0,0.0046,,
Jakarta,2020,12,3,Light clothing,26.146841397849464,0.32956989408941356,9.93931202814784,84.57458864232545,,4.350877192982456,57.0,0.0052,,
Jakarta,2021,1,3,Casual wear,25.686827962116528,0.5709677432233127,7.474990273875895,87.51144834744034,,4.317986845867887,6994.0,0.6349,,
Jakarta,2021,2,3,Casual wear,25.75729167745227,0.5991071445556978,7.205858062553618,88.18761356671651,,4.31011756323477,5614.0,0.5096,,
Jakarta,2021,3,0,Light clothing,26.53024194573843,0.3196236569414376,6.1471982305088355,84.94279288220149,,4.666666666666667,90.0,0.0082,,
Jakarta,2021,4,0,Waterproof clothing,26.800763909022013,0.2094444446472658,5.71271333715154,83.97030163341098,,4.142857142857143,7.0,0.0006,,
Jakarta,2021,5,0,Light clothing,27.30551073115359,0.2220430117681302,5.560791281202147,83.58824001845493,,4.669902912621359,103.0,0.0094,,
Jakarta,2021,6,1,Light clothing,26.490833303663464,0.20736111205899052,4.981861955879463,85.80520067214965,,4.598039215686274,102.0,0.0093,,
Jakarta,2021,7,1,Casual wear,26.96068549668917,0.06370967770776441,6.244416312424726,78.2365212337945,,4.226178463312671,6937.0,0.6297,,
Jakarta,2021,8,1,Casual wear,27.16075264253924,0.15349462487164042,6.100102400026655,77.50649482460432,,4.181261690188744,5881.0,0.5339,,
Jakarta,2021,9,2,Casual wear,27.247083353996278,0.2270833327745398,5.723675228200025,79.43852439456516,,4.220317725752508,4784.0,0.4343,,
Jakarta,2021,10,2,Light clothing,27.261626341009652,0.22459677539725778,5.570640457173188,79.79601754424392,,4.362068965517241,58.0,0.0053,,
Jakarta,2021,11,2,Light clothing,26.682499962382845,0.3356944457213912,6.876231708460384,82.88760623402065,,4.305555555555555,36.0,0.0033,,
Jakarta,2021,12,3,Light clothing,26.457258060414304,0.4048387115440702,6.32330948078344,84.750433393704,,4.573770491803279,61.0,0.0055,,
Jakarta,2022,1,3,Light clothing,26.31451618286871,0.3130376348772677,7.174146763980389,83.79471475847306,,4.551020408163265,49.0,0.0044,,
Jakarta,2022,2,3,Light clothing,26.26205356064297,0.3102678594711636,6.949569138210444,83.64043861911411,,4.526315789473684,38.0,0.0034,,
Jakarta,2022,3,0,Casual wear,26.75940861496874,0.3576612906250101,7.459227612462415,83.28071835733229,,4.2089141959552325,5093.0,0.4623,,
Jakarta,2022,4,0,Casual wear,26.80138885974884,0.2918055565510359,5.7382487698561615,83.76607699924045,,4.229018210609659,5052.0,0.4586,,
Jakarta,2022,5,0,Casual wear,26.877889799815353,0.20645161419706318,5.577165270724925,84.77371339900519,,4.191505791505792,5180.0,0.4702,,
Jakarta,2022,6,1,Casual wear,26.06687501271566,0.26111111191825737,4.844306436926127,85.44378773901198,,4.23406176629944,5537.0,0.5026,,
Jakarta,2022,7,1,Casual wear,26.826881693255515,0.16424731230263107,6.113897668538234,80.7757935729078,,4.196918955123912,5972.0,0.5421,,
Jakarta,2022,8,1,Casual wear,26.680443538132533,0.19448924820709934,5.697664286140152,80.17142940849386,,4.218103722558066,6286.0,0.5706,,
Jakarta,2022,9,2,Light clothing,26.638750015364753,0.2706944445562032,5.552195891944899,80.99028708669874,,4.541176470588235,85.0,0.0077,,
Jakarta,2022,10,2,Light clothing,26.349664016436506,0.4146505397574235,5.406942392469094,84.78221025261827,,4.385964912280702,57.0,0.0052,,
Jakarta,2022,11,2,Light clothing,26.50777779950036,0.3887500015915268,6.400152377121978,83.78573317527771,,4.490566037735849,53.0,0.0048,,
Jakarta,2022,12,3,Light clothing,26.16270161444141,0.40094086141275465,7.2155729478165025,84.78561392650809,,4.545454545454546,66.0,0.006,,
Jakarta,2023,1,3,Casual wear,26.26908600202171,0.2857526884744725,8.669426254367316,82.61274030644407,,4.319271057540536,6969.0,0.6326,,
Jakarta,2023,2,3,Casual wear,25.700595242636545,0.5020833340185207,9.129701068491809,85.49310692151387,,4.296826625386997,5168.0,0.4691,,
Jakarta,2023,3,0,Casual wear,26.110685474129134,0.37903225858525563,6.570925596380426,85.54258297335717,,4.29664508534432,3398.0,0.3085,,
Jakarta,2023,4,0,Casual wear,27.207013893127442,0.20347222175656093,6.435839734598995,80.68914053175185,,,,,,
Jakarta,2023,5,0,Light clothing,27.450873641557592,0.17822580603301846,5.355991910341927,81.80157682459841,,,,,,
Jakarta,2023,6,1,Light clothing,27.174791643354627,0.21902777842349477,5.497768854474028,81.15829108026293,,,,,,
Jakarta,2023,7,1,Light clothing,27.180913958498227,0.10134408677056912,6.065044771479343,76.25627430536414,,,,,,
Jakarta,2023,8,1,Casual wear,27.810416680510325,0.036962366011995144,6.916316102709501,70.96403121435515,,,,,,
Jakarta,2023,9,2,Casual wear,28.144583323266772,0.029305555650757417,7.458331742386023,67.36824105315738,,,,,,
Jakarta,2023,10,2,Light clothing,28.860214992236067,0.09139784957252202,6.9856566205540656,70.14747780625538,,,,,,
Jakarta,2023,11,2,Light clothing,27.601527791553075,0.36791666744069923,5.2359546993341715,81.68070432345073,,,,,,
Jakarta,2023,12,3,Casual wear,27.641935479256414,0.2549731172521108,5.151771603412525,80.19527007174749,,,,,,
London,2019,1,3,Layered clothing,3.606451613683334,0.03629032290110024,13.248538088333863,85.86671593881422,,4.423728813559322,59.0,0.0054,,
London,2019,2,3,Heavy outerwear,6.631845230402957,0.08645833407839139,14.99673148971938,84.63420463176001,,4.578947368421052,38.0,0.0034,,
London,2019,3,0,Layered clothing,8.50840054083896,0.06586021591498646,18.48327429560564,77.3904678590836,,4.345454545454546,55.0,0.005,,
London,2019,4,0,Heavy outerwear,9.250416672597122,0.05333333399353756,13.489157563075423,74.93993417951796,,4.788461538461538,52.0,0.0047,,
London,2019,5,0,Layered clothing,12.163776897615001,0.06263440882446625,11.782652470413396,72.83839109379758,,4.378378378378378,37.0,0.0034,,
London,2019,6,1,Layered clothing,15.75020832882987,0.12541666738688945,14.663234358115329,75.77130529615614,,4.547169811320755,53.0,0.0048,,
London,2019,7,1,Layered clothing,18.829301070141536,0.09435483820295783,12.381956988765348,70.5731537624072,,4.512820512820513,39.0,0.0035,,
London,2019,8,1,Casual wear,18.197379028925333,0.06344086062964252,14.567781108802045,73.05618900637472,,4.320455528326366,6937.0,0.6297,,
London,2019,9,2,Layered clothing,15.403888883193334,0.12180555577700337,14.850273891455597,73.85489916801453,,4.580645161290323,93.0,0.0084,,
London,2019,10,2,Casual wear,11.157594080733997,0.1494623660059866,15.18944161265127,84.78252459597844,,4.331393775372124,7390.0,0.6708,,
London,2019,11,2,Layered clothing,6.888541677589011,0.13958333405769532,13.068130167408121,88.91390194892884,,4.4411764705882355,102.0,0.0093,,
London,2019,12,3,Heavy outerwear,6.341397842267147,0.13790322664964905,16.28524123725071,87.97365596730222,,4.616,125.0,0.0113,,
London,2020,1,3,Heavy outerwear,6.668413982556392,0.07983870991575782,16.575463834789492,87.81725533803304,,4.543103448275862,116.0,0.0105,,
London,2020,2,3,Layered clothing,7.0823994219870485,0.14755747224279175,24.73597957819015,79.06499253744367,,4.328125,64.0,0.0058,,
London,2020,3,0,Layered clothing,6.856653225277701,0.06102150590509497,19.003672474814998,74.49354942896034,,4.526315789473684,38.0,0.0034,,
London,2020,4,0,Heavy outerwear,10.963125009172492,0.0477777780033648,13.203098129108549,68.85983604855008,,4.575757575757576,33.0,0.003,,
London,2020,5,0,Layered clothing,13.725134422541947,0.0063172044252516124,13.968896693520007,62.06449566348906,,4.7894736842105265,19.0,0.0017,,
London,2020,6,1,Layered clothing,16.09534721440739,0.11111111192860537,14.68410789552662,71.30276660919189,,4.565217391304348,23.0,0.0021,,
London,2020,7,1,Casual wear,17.388373660784897,0.06290322636324232,14.961946628667334,69.5509876692167,,4.302545691906006,6128.0,0.5563,,
London,2020,8,1,Casual wear,19.220497328747985,0.10000000009813936,14.864259326810478,72.51501557134813,,4.318631561294651,5963.0,0.5413,,
London,2020,9,2,Layered clothing,15.403541687462065,0.03541666693571541,14.41622654489345,75.3449176258511,,4.666666666666667,57.0,0.0052,,
London,2020,10,2,Layered clothing,11.219354834607852,0.2133064521276342,17.045710270122814,84.3622932434082,,4.63013698630137,73.0,0.0066,,
London,2020,11,2,Layered clothing,9.266597218894296,0.06652777837589383,15.274500392542945,87.92084422641331,,4.5375,80.0,0.0073,,
London,2020,12,3,Heavy outerwear,5.710685481011907,0.11411290408502664,15.120786703401997,89.32699880292338,,4.645161290322581,62.0,0.0056,,
London,2021,1,3,Heavy outerwear,3.6028897953419996,0.15645161338190558,14.799844355833146,90.3229735999979,,4.55,60.0,0.0054,,
London,2021,2,3,Heavy outerwear,5.293749997918938,0.06041666722324278,16.950090427395132,82.48846931684585,,4.48,50.0,0.0045,,
London,2021,3,0,Heavy outerwear,7.079838709595303,0.044086022022110156,15.853091567594518,78.84387934592462,,4.565217391304348,46.0,0.0042,,
London,2021,4,0,Layered clothing,6.6112500056210495,0.015138889155868028,12.637072982804643,70.05052090220981,,4.354838709677419,31.0,0.0028,,
London,2021,5,0,Heavy outerwear,10.876276876497013,0.11599462442300333,15.808830560375286,75.09473035668815,,4.571428571428571,28.0,0.0025,,
London,2021,6,1,Layered clothing,16.894513888491524,0.137500000724362,11.650407721102237,76.40415179729462,,4.533333333333333,15.0,0.0014,,
London,2021,7,1,Layered clothing,18.06236558575784,0.11706989238499313,12.338280206205704,78.18426924879833,,4.636363636363637,22.0,0.002,,
London,2021,8,1,Layered clothing,16.538844071408754,0.07459677492458654,13.97619418223058,78.63047949473064,,4.863636363636363,22.0,0.002,,
London,2021,9,2,Layered clothing,16.489513887961706,0.06527777775708173,12.034344392021497,80.76525655322605,,4.55,40.0,0.0036,,
London,2021,10,2,Casual wear,12.481922069223979,0.16465053728391085,15.374928834938235,83.41548803801177,,4.180900766211923,5351.0,0.4857,,
London,2021,11,2,Layered clothing,7.606736116344109,0.014861111249774694,13.176029533810086,85.57627691692777,,4.5,50.0,0.0045,,
London,2021,12,3,Layered clothing,7.156317215763353,0.09973118312015969,15.393160462860138,88.61777709632791,,4.605633802816901,71.0,0.0064,,
London,2022,1,3,Layered clothing,4.322244617937794,0.025537634628915017,12.242985687468963,88.2887086099194,,4.653061224489796,98.0,0.0089,,
London,2022,2,3,Heavy outerwear,7.387872029029365,0.08675595268695838,21.72126118200166,78.43181811627888,,4.78,50.0,0.0045,,
London,2022,3,0,Layered clothing,7.999932790530585,0.06142473131698627,13.916163586240302,78.14434486819852,,4.529411764705882,34.0,0.0031,,
London,2022,4,0,Heavy outerwear,9.773680571166592,0.030972222300867238,14.80515116925041,70.53774535920886,,4.741935483870968,31.0,0.0028,,
London,2022,5,0,Layered clothing,13.828494607761343,0.11868279523426487,12.960982371241816,73.23882728494624,,4.631578947368421,19.0,0.0017,,
London,2022,6,1,Layered clothing,16.366249943441815,0.08736111184375153,13.914959446092446,69.29282190004984,,4.333333333333333,18.0,0.0016,,
London,2022,7,1,Layered clothing,20.185483878658665,0.018817204491345472,12.449044447111827,60.93744155668443,,4.5625,16.0,0.0015,,
London,2022,8,1,Casual wear,20.153293019981795,0.03844086024709927,11.791637250652878,66.20481973566035,,4.218103722558066,6286.0,0.5706,,
London,2022,9,2,Casual wear,15.164791671435038,0.07027777824550867,11.875694487988948,76.12487505806817,,4.2654462242562925,5244.0,0.476,,
London,2022,10,2,Layered clothing,13.703024200854763,0.10551075311878355,14.826853006757716,82.40213504401586,,4.578947368421052,114.0,0.0103,,
London,2022,11,2,Layered clothing,9.791805558072197,0.19347222317010165,16.79174827436606,86.83862371974521,,4.637362637362638,91.0,0.0083,,
London,2022,12,3,Heavy outerwear,4.2520833351819585,0.07473118354876836,15.097423707445463,89.15148019277922,,4.611111111111111,90.0,0.0082,,
London,2023,1,3,Layered clothing,5.03965054038832,0.07836021538022706,17.232388978363364,86.21875008203651,,4.693181818181818,88.0,0.008,,
London,2023,2,3,Heavy outerwear,5.975372021552175,0.017708333730254145,13.259023768295135,84.38629642554692,,4.891891891891892,37.0,0.0034,,
London,2023,3,0,Heavy outerwear,7.428494644977192,0.13279569964174942,17.768893286265353,82.05619631531418,,4.2631578947368425,19.0,0.0017,,
London,2023,4,0,Layered clothing,8.773055560369459,0.09888888920346896,13.5981269179119,77.15034431881375,,,,,,
London,2023,5,0,Layered clothing,12.644825277789947,0.049193548709554696,13.655223252792512,76.33691969225484,,,,,,
London,2023,6,1,Layered clothing,18.079652809434467,0.05486111119389534,13.866104174156984,68.9644189622667,,,,,,
London,2023,7,1,Casual wear,17.408803742419007,0.12096774240615227,17.389372183751036,72.10367182762393,,,,,,
London,2023,8,1,Layered clothing,17.33293012265236,0.0751344086001477,13.843171472350756,76.00653517630792,,,,,,
London,2023,9,2,Layered clothing,18.212847211625842,0.08013888898616035,13.096092909574509,76.91047123273214,,,,,,
London,2023,10,2,Casual wear,13.19556450843811,0.1235215060653225,14.383038845433983,83.5098190102526,,,,,,
London,2023,11,2,Waterproof clothing,7.659722218879809,0.12486111177131534,16.18438423871994,86.06540285746256,,,,,,
London,2023,12,3,Heavy outerwear,7.656451625869639,0.10618279633983489,20.03418087694914,86.5352090302334,,,,,,
Mexico City,2019,1,3,Casual wear,14.240255381791822,0.006317204355152064,7.437525275293537,53.47950912355095,,4.346513535684988,6095.0,0.5533,,
Mexico City,2019,2,3,Casual wear,16.88668158011777,0.013095238257110828,7.93296979740262,47.16693649263609,,4.350398179749716,4395.0,0.399,,
Mexico City,2019,3,0,Light clothing,18.443548385174044,0.010080645241404092,8.941293649415496,44.96665213825882,,4.384615384615385,65.0,0.0059,,
Mexico City,2019,4,0,Light clothing,19.33381943040424,0.052083333529945874,8.531482808291912,39.73697777456707,,4.602941176470588,68.0,0.0062,,
Mexico City,2019,5,0,Casual wear,20.605913963369144,0.03602150547248061,8.618340738758604,44.23051439369878,,4.297490414778668,5738.0,0.5209,,
Mexico City,2019,6,1,Casual wear,18.285208339161343,0.22194444504049088,7.774310313082403,70.68901806672415,,4.316028018129378,7281.0,0.6609,,
Mexico City,2019,7,1,Casual wear,16.8073924843983,0.43776881758884717,6.177269385186254,76.94266528980707,,4.332056958238602,8357.0,0.7586,,
Mexico City,2019,8,1,Casual wear,17.80739248824376,0.2009408597644138,6.63104656270595,72.64029841012852,,4.320455528326366,6937.0,0.6297,,
Mexico City,2019,9,2,Casual wear,17.576041685210335,0.2123611118334035,8.102358062027228,71.94496504730648,,4.3137009842212155,6401.0,0.5811,,
Mexico City,2019,10,2,Casual wear,16.74059138374944,0.19233871149199624,8.088625187995614,75.89990884514265,,4.331393775372124,7390.0,0.6708,,
Mexico City,2019,11,2,Casual wear,16.301527771022585,0.048750000033113694,7.427664239704609,67.67474952538808,,4.3534933619417995,7457.0,0.6769,,
Mexico City,2019,12,3,Casual wear,14.816330644071742,0.00026881720830676374,7.154137262894261,56.254834300087346,,4.356753812636166,11016.0,1.0,,
Mexico City,2020,1,3,Casual wear,14.251612911301274,0.010215053915657022,8.355796479730197,56.21456493100813,,4.392203133849349,10594.0,0.9617,,
Mexico City,2020,2,3,Casual wear,16.77679596207608,0.009195402264595032,9.150738414591071,49.44746386045697,,4.330115584910454,7873.0,0.7147,,
Mexico City,2020,3,0,Light clothing,19.374260733845414,0.011021505630705305,8.393589133577,46.36250660560464,,4.584615384615384,65.0,0.0059,,
Mexico City,2020,4,0,Light clothing,20.674166667461396,0.03361111166369584,7.574929925633802,44.7624723818567,,4.619047619047619,63.0,0.0057,,
Mexico City,2020,5,0,Casual wear,19.709475792864318,0.04153225786222886,7.765160864519496,46.10124953844214,,4.255749770009199,4348.0,0.3947,,
Mexico City,2020,6,1,Casual wear,19.158680560853746,0.12972222274790207,9.571040358063247,60.30694866710239,,4.304813839789395,5318.0,0.4828,,
Mexico City,2020,7,1,Casual wear,17.95443545618365,0.18951613166599826,6.438493199886814,70.82942484271142,,4.302545691906006,6128.0,0.5563,,
Mexico City,2020,8,1,Casual wear,17.22365592372033,0.3948924735448854,7.526081201129703,76.39113053198784,,4.318631561294651,5963.0,0.5413,,
Mexico City,2020,9,2,Casual wear,16.800972211360932,0.35125000248145727,7.910651395759649,76.92544697655572,,4.319737800436999,5492.0,0.4985,,
Mexico City,2020,10,2,Casual wear,16.71612903379625,0.031182795913229065,8.530978035221818,59.74778208296786,,4.298559364133134,6039.0,0.5482,,
Mexico City,2020,11,2,Casual wear,16.12055554986,0.00791666672254602,8.853191985065738,55.385862312051984,,4.293214285714286,5600.0,0.5084,,
Mexico City,2020,12,3,Casual wear,14.83918011444871,0.0028225806772067983,7.4469005291260055,56.23233529893301,,4.305716406829992,6735.0,0.6114,,
Mexico City,2021,1,3,Layered clothing,14.820564492575583,0.011021505390363995,7.598526036587133,52.44529414946033,,4.581081081081081,74.0,0.0067,,
Mexico City,2021,2,3,Casual wear,16.12053571676924,0.0013392857453298,8.461707551387095,37.682322032394865,,4.31011756323477,5614.0,0.5096,,
Mexico City,2021,3,0,Light clothing,18.977822598590645,0.0038978495304622957,8.340656696107759,39.245832196486894,,4.666666666666667,90.0,0.0082,,
Mexico City,2021,4,0,Light clothing,19.530208347903358,0.02263888922623462,9.070274584078126,39.7510904914803,,4.489795918367347,98.0,0.0089,,
Mexico City,2021,5,0,Casual wear,18.850873661297623,0.15295699057519757,8.314600308455768,58.409469086636776,,4.241331907744005,6547.0,0.5943,,
Mexico City,2021,6,1,Casual wear,16.970972196261087,0.3875000006519258,7.737213267427352,73.66199003325568,,4.233379183860614,6543.0,0.594,,
Mexico City,2021,7,1,Casual wear,16.86391129416804,0.250268818349928,6.501784132533176,76.55198896572153,,4.226178463312671,6937.0,0.6297,,
Mexico City,2021,8,1,Casual wear,16.779704263133386,0.36357526954824243,6.740687325957321,76.89307719917707,,4.181261690188744,5881.0,0.5339,,
Mexico City,2021,9,2,Waterproof clothing,16.53923611243566,0.5008333364294635,6.74759303956396,78.7168035560184,,4.0,7.0,0.0006,,
Mexico City,2021,10,2,Waterproof clothing,16.230913960805502,0.12392473184773999,7.636925526283761,74.39589565543719,,3.625,8.0,0.0007,,
Mexico City,2021,11,2,Casual wear,14.84152774810791,0.007083333418187168,8.078792787757184,59.954045587115814,,4.193602693602694,4752.0,0.4314,,
Mexico City,2021,12,3,Casual wear,15.401209651782949,0.000940860219059452,6.550930084280109,51.86575996170762,,4.206890699253225,5892.0,0.5349,,
Mexico City,2022,1,3,Casual wear,13.986760761789096,0.01666666681487714,7.693792532248202,57.44119392159165,,4.237453305181095,6157.0,0.5589,,
Mexico City,2022,2,3,Casual wear,15.102008916082836,0.01383928575419954,8.352249044348442,51.4320792420989,,4.179476170030056,4658.0,0.4228,,
Mexico City,2022,3,0,Casual wear,17.54610214630763,0.013172043237074087,8.535148128025956,41.483251305677555,,4.2089141959552325,5093.0,0.4623,,
Mexico City,2022,4,0,Light clothing,19.273888875378503,0.06069444465554423,7.976678424287173,47.75172661741575,,4.3768115942028984,69.0,0.0063,,
Mexico City,2022,5,0,Casual wear,20.960483841998602,0.036693548793674154,8.894898996638354,42.0280579206764,,4.191505791505792,5180.0,0.4702,,
Mexico City,2022,6,1,Casual wear,17.889722225401137,0.19916666619893578,8.074869390535685,65.53816987805897,,4.23406176629944,5537.0,0.5026,,
Mexico City,2022,7,1,Casual wear,17.070026882233158,0.26868279515615395,6.800479695000636,74.38835115586558,,4.196918955123912,5972.0,0.5421,,
Mexico City,2022,8,1,Waterproof clothing,16.617741924460216,0.32150537634809173,6.450944248266438,76.32801522234435,,4.2,5.0,0.0005,,
Mexico City,2022,9,2,Casual wear,16.3221527589692,0.2970833344695469,9.160485112253163,75.51283950805664,,4.2654462242562925,5244.0,0.476,,
Mexico City,2022,10,2,Casual wear,15.986088709164692,0.10322580649767832,8.04933434051852,73.1918012044763,,4.261754797129046,6827.0,0.6197,,
Mexico City,2022,11,2,Casual wear,16.593958322207133,0.01000000001448724,6.9619202134509885,60.812462492783865,,4.322585373003077,6823.0,0.6194,,
Mexico City,2022,12,3,Casual wear,14.139381739401049,0.01908602174972334,7.103191884494917,58.65173041115525,,4.315405139727567,7121.0,0.6464,,
Mexico City,2023,1,3,Casual wear,14.35315861112328,0.0008064516349345125,6.919746297581862,54.46162418524424,,4.319271057540536,6969.0,0.6326,,
Mexico City,2023,2,3,Casual wear,16.07492559403181,0.001190476208215668,8.268043825535901,48.2324800760973,,4.296826625386997,5168.0,0.4691,,
Mexico City,2023,3,0,Light clothing,18.13864250336924,0.030913978474595212,7.338048677530981,44.8266711843911,,4.470588235294118,51.0,0.0046,,
Mexico City,2023,4,0,Light clothing,19.217569430006876,0.028333333724488815,8.437394340336322,45.265894439485336,,,,,,
Mexico City,2023,5,0,Light clothing,18.661693528134336,0.09758064517330739,7.423155645048746,55.167308726618366,,,,,,
Mexico City,2023,6,1,Light clothing,21.750069434112973,0.050138889201399355,8.750856340055664,46.323063065608345,,,,,,
Mexico City,2023,7,1,Casual wear,17.83293011624326,0.33508064548775396,6.60510548404468,72.63216369382796,,,,,,
Mexico City,2023,8,1,Casual wear,17.239583330769694,0.2693548389480159,6.8216386858413935,74.87787744819477,,,,,,
Mexico City,2023,9,2,Waterproof clothing,17.749583319822946,0.1744444445396463,8.067162055563596,68.80437096224891,,,,,,
Mexico City,2023,10,2,Casual wear,17.234610203773745,0.08454301150175192,8.960912180924288,67.68861435305688,,,,,,
Mexico City,2023,11,2,Casual wear,16.17972219321463,0.030000000084853835,7.8459079629845085,61.56534377800094,,,,,,
Mexico City,2023,12,3,Casual wear,12.855241915711792,0.027419355267318347,6.624331141191144,68.574231733558,,,,,,
Moscow,2019,1,3,Thermal wear,-7.50907256995498,0.06223118369297315,17.667794544209716,86.92532341454618,,4.564102564102564,39.0,0.0035,,
Moscow,2019,2,3,Heavy outerwear,-2.4630208310249837,0.05327381019569224,20.049169355914707,85.8776588894072,,4.578947368421052,38.0,0.0034,,
Moscow,2019,3,0,Heavy outerwear,-0.9461693574814627,0.049327957724291153,16.543353373004543,81.90396755485125,,4.507692307692308,65.0,0.0059,,
Moscow,2019,4,0,Heavy outerwear,6.650416665094801,0.029305555816325875,11.588794278767374,60.8076266474194,,4.788461538461538,52.0,0.0047,,
Moscow,2019,5,0,Heavy outerwear,16.27567207901388,0.053225806994383694,13.489539600788586,59.42635839472535,,4.38,50.0,0.0045,,
Moscow,2019,6,1,Layered clothing,19.55618056323793,0.09111111077169577,12.232722586558925,58.3832256105211,,4.547169811320755,53.0,0.0048,,
Moscow,2019,7,1,Layered clothing,16.32056449561991,0.10013440925307492,12.764746690148948,73.30645100788404,,4.512820512820513,39.0,0.0035,,
Moscow,2019,8,1,Layered clothing,15.880913952986399,0.12540322571231793,13.207371990647047,75.69463445807015,,4.557142857142857,70.0,0.0064,,
Moscow,2019,9,2,Layered clothing,11.854513895718588,0.047361111723714405,12.207902490389015,75.06323503653208,,4.580645161290323,93.0,0.0084,,
Moscow,2019,10,2,Layered clothing,8.09193547715443,0.08387096831074325,16.727998346250544,79.86282815728136,,4.489583333333333,96.0,0.0087,,
Moscow,2019,11,2,Heavy outerwear,1.3377083344229808,0.049166666840513545,14.447562511596415,81.81842561297947,,4.439655172413793,116.0,0.0105,,
Moscow,2019,12,3,Heavy outerwear,0.451344085171298,0.04233871028828685,16.751396315713084,86.28482594028596,,4.616,125.0,0.0113,,
Moscow,2020,1,3,Heavy outerwear,-0.3901881720139695,0.060349463435110225,17.509777215539767,85.491631297655,,4.543103448275862,116.0,0.0105,,
Moscow,2020,2,3,Heavy outerwear,-1.2910201145207574,0.04985632246424412,17.32495450219889,82.92642910727139,,4.4945054945054945,91.0,0.0083,,
Moscow,2020,3,0,Heavy outerwear,3.1591397783148194,0.059811828657984734,17.127312262212076,67.8059816514292,,4.511111111111111,45.0,0.0041,,
Moscow,2020,4,0,Thermal wear,4.1484027856960894,0.04000000037873785,16.479883818245597,63.843155142996046,,4.75,4.0,0.0004,,
Moscow,2020,5,0,Heavy outerwear,11.100336017948324,0.15631720454742512,14.932511713876519,69.39976503003028,,4.6875,16.0,0.0015,,
Moscow,2020,6,1,Layered clothing,18.16111111773385,0.13000000093339217,12.669104357270731,72.9355175866021,,4.565217391304348,23.0,0.0021,,
Moscow,2020,7,1,Waterproof clothing,18.5720430292109,0.1666666676680888,12.478313626300904,75.6380891184653,,4.857142857142857,7.0,0.0006,,
Moscow,2020,8,1,Layered clothing,17.1839381764012,0.048655914493225594,11.621818990636898,71.93665266549715,,4.6923076923076925,39.0,0.0035,,
Moscow,2020,9,2,Casual wear,13.687916675541135,0.06833333406183455,16.506480963362588,69.108109664917,,4.319737800436999,5492.0,0.4985,,
Moscow,2020,10,2,Layered clothing,8.907392475658888,0.05967742001377447,13.618060203409323,75.21989253259474,,4.63013698630137,73.0,0.0066,,
Moscow,2020,11,2,Heavy outerwear,1.6040972211915585,0.06111111196999749,15.848437967234188,86.4585299121009,,4.527272727272727,55.0,0.005,,
Moscow,2020,12,3,Heavy outerwear,-4.572311828023083,0.04569892531200763,14.13089182496231,82.3151883925161,,4.645161290322581,62.0,0.0056,,
Moscow,2021,1,3,Heavy outerwear,-7.286021500505427,0.07244623784897147,14.74407900012629,88.35591019866287,,4.55,60.0,0.0054,,
Moscow,2021,2,3,Heavy outerwear,-12.276711306069046,0.0861607153922142,16.554051091273625,80.67940177803948,,4.48,50.0,0.0045,,
Moscow,2021,3,0,Heavy outerwear,-3.7616263348058427,0.04475806516304772,16.451860429779178,81.31758736025903,,4.565217391304348,46.0,0.0042,,
Moscow,2021,4,0,Heavy outerwear,6.269375004857364,0.1066666672937572,15.833189737465647,68.95693044927386,,4.552631578947368,38.0,0.0034,,
Moscow,2021,5,0,Layered clothing,13.436088722559713,0.10806451704833776,15.382530220573948,67.20946020208379,,4.782608695652174,23.0,0.0021,,
Moscow,2021,6,1,Layered clothing,20.221458337042066,0.07625000061881211,10.816521047676604,66.62168020407358,,4.533333333333333,15.0,0.0014,,
Moscow,2021,7,1,Casual wear,22.162768775416957,0.04395161317761547,9.986825366454418,62.127254816793624,,4.226178463312671,6937.0,0.6297,,
Moscow,2021,8,1,Layered clothing,19.178561833596998,0.12056451660370635,10.906385770528226,76.0381860527941,,4.863636363636363,22.0,0.002,,
Moscow,2021,9,2,Casual wear,9.698888883041217,0.12055555683457189,15.731468823883269,80.19876905017429,,4.220317725752508,4784.0,0.4343,,
Moscow,2021,10,2,Heavy outerwear,5.5528225756941305,0.04381720421295012,14.628650150552232,78.96811881116642,,4.270833333333333,48.0,0.0044,,
Moscow,2021,11,2,Heavy outerwear,1.6257638906076965,0.10041666710749268,18.607989411552747,85.67682654592726,,4.163265306122449,49.0,0.0044,,
Moscow,2021,12,3,Heavy outerwear,-7.9450940815832025,0.08319892575063052,15.842593047407366,87.01130673193163,,4.482142857142857,56.0,0.0051,,
Moscow,2022,1,3,Heavy outerwear,-6.5549731184327875,0.06720430226696114,17.943620561191473,87.62052743152906,,4.6461538461538465,65.0,0.0059,,
Moscow,2022,2,3,Heavy outerwear,-2.7088541684317446,0.04241071492877035,18.3274279254533,86.76210692382995,,4.78,50.0,0.0045,,
Moscow,2022,3,0,Thermal wear,-3.5205645121243454,0.02473118320427915,13.198673279335102,77.76245076425614,,4.5,26.0,0.0024,,
Moscow,2022,4,0,Heavy outerwear,4.731250005313712,0.08986111202587684,15.39289466606246,73.9165761841668,,4.741935483870968,31.0,0.0028,,
Moscow,2022,5,0,Heavy outerwear,9.850470438269117,0.0841397855090358,15.894009983667763,62.507740512970955,,4.379310344827586,29.0,0.0026,,
Moscow,2022,6,1,Layered clothing,18.434166649977367,0.048611111287027595,12.128371503783598,62.44060022566054,,4.333333333333333,18.0,0.0016,,
Moscow,2022,7,1,Casual wear,20.42237902584896,0.09072580643158445,11.370739577358128,64.23216322929629,,4.196918955123912,5972.0,0.5421,,
Moscow,2022,8,1,Layered clothing,21.56975806015794,0.04946236573760548,11.578264726265784,57.56330983356763,,4.604651162790698,43.0,0.0039,,
Moscow,2022,9,2,Layered clothing,9.729444457756149,0.11083333369137513,13.87107626116938,79.49975612428453,,4.633333333333334,60.0,0.0054,,
Moscow,2022,10,2,Layered clothing,6.613373674597511,0.08239247310425966,14.106701688981184,83.02180360465921,,4.578947368421052,114.0,0.0103,,
Moscow,2022,11,2,Heavy outerwear,-1.326527775446367,0.055833333916962144,14.18771455966764,84.99535337554084,,4.455696202531645,79.0,0.0072,,
Moscow,2022,12,3,Thermal wear,-4.853696244278101,0.14946236666692522,15.699128496230289,87.09442412981423,,4.686567164179104,67.0,0.0061,,
Moscow,2023,1,3,Heavy outerwear,-6.075739248680772,0.05940860263522594,18.793529147422444,85.81117242382419,,4.578947368421052,76.0,0.0069,,
Moscow,2023,2,3,Heavy outerwear,-5.693601199553259,0.043005952944180796,18.538851025115168,85.33331016699474,,4.891891891891892,37.0,0.0034,,
Moscow,2023,3,0,Thermal wear,-0.8633736621147843,0.07956989277755061,17.39438510533943,83.13458479604414,,4.333333333333333,18.0,0.0016,,
Moscow,2023,4,0,Heavy outerwear,8.245625001155874,0.050277778133749965,11.674527827070818,61.7845562060674,,,,,,
Moscow,2023,5,0,Layered clothing,12.056384414719838,0.056048387601490945,10.875723725525281,62.12576180376033,,,,,,
Moscow,2023,6,1,Layered clothing,16.38951387372282,0.04416666720062494,11.90069740033812,59.81210607422723,,,,,,
Moscow,2023,7,1,Layered clothing,18.116599470056514,0.1649193553334122,13.540123963668462,72.8702230684219,,,,,,
Moscow,2023,8,1,Layered clothing,19.28541668127942,0.030107526959831356,10.055599183485072,73.3216609954834,,,,,,
Moscow,2023,9,2,Casual wear,14.66847221851349,0.014305555478980143,11.208788463266359,71.8469932715098,,,,,,
Moscow,2023,10,2,Layered clothing,5.034543014767389,0.13709677534518383,17.295071508615248,81.8224840318003,,,,,,
Moscow,2023,11,2,Layered clothing,-0.2879166649861468,0.10958333380727305,15.705644543096422,83.46323892805312,,,,,,
Moscow,2023,12,3,Thermal wear,-5.924327968960247,0.09798387220750253,17.621407121339793,88.52909250156854,,,,,,
Mumbai,2019,1,3,Casual wear,22.28723116459385,0.00026881720830676374,11.254772472445683,59.69182865081295,,4.346513535684988,6095.0,0.5533,,
Mumbai,2019,2,3,Casual wear,23.182440517913726,0.0,10.938209737961492,65.05766237633568,,4.350398179749716,4395.0,0.399,,
Mumbai,2019,3,0,Casual wear,25.359408558055918,0.0,10.909369979494361,69.58878741982163,,4.323705926481621,5332.0,0.484,,
Mumbai,2019,4,0,Casual wear,27.961180541250442,0.0002777777819169892,10.557629890243213,75.9724485874176,,4.336391437308868,5232.0,0.4749,,
Mumbai,2019,5,0,Light clothing,28.907997282602455,0.0012096774473946581,11.087055666792777,75.46854614442394,,4.490566037735849,106.0,0.0096,,
Mumbai,2019,6,1,Light clothing,28.50743055873447,0.4666666655904717,15.252975147300296,82.35364208221435,,4.506578947368421,152.0,0.0138,,
Mumbai,2019,7,1,Waterproof clothing,26.640322590386997,1.1154569920192483,16.957215749688686,90.15324140364125,,4.0,10.0,0.0009,,
Mumbai,2019,8,1,Light clothing,26.46854842606411,0.726344090656087,17.884815690658424,88.9612244021508,,4.4245283018867925,106.0,0.0096,,
Mumbai,2019,9,2,Light clothing,26.445138867696127,0.8384722234888209,14.865901276800368,90.0324021657308,,4.477777777777778,90.0,0.0082,,
Mumbai,2019,10,2,Light clothing,27.21646504248342,0.3622311822649452,7.328441414621569,84.1154073643428,,4.571428571428571,84.0,0.0076,,
Mumbai,2019,11,2,Light clothing,26.81090277036031,0.026805555996381573,8.701701219711039,76.96525704065958,,4.513513513513513,74.0,0.0067,,
Mumbai,2019,12,3,Casual wear,25.735215033254317,0.00604838706673153,9.667292398310476,69.10928943593015,,4.356753812636166,11016.0,1.0,,
Mumbai,2020,1,3,Casual wear,23.022311842569742,0.00215053766645411,11.096013731533482,68.09315080027426,,4.392203133849349,10594.0,0.9617,,
Mumbai,2020,2,3,Casual wear,25.230244255614007,0.0,11.759791944518515,57.90613973688805,,4.330115584910454,7873.0,0.7147,,
Mumbai,2020,3,0,Casual wear,25.929771497685422,0.00013440860415338187,11.260289600139023,66.8105350335439,,4.3460736622654625,5756.0,0.5225,,
Mumbai,2020,4,0,Casual wear,28.695208345519173,0.0001388888909584946,10.576430345906152,74.83486820326911,,4.320467000238265,4197.0,0.381,,
Mumbai,2020,5,0,Light clothing,29.843884434751285,0.002419354884775095,11.388302227822683,75.7185905364252,,4.7164179104477615,67.0,0.0061,,
Mumbai,2020,6,1,Waterproof clothing,27.473194448153176,0.6316666724574235,13.791683844725291,87.53866193029616,,4.5,6.0,0.0005,,
Mumbai,2020,7,1,Light clothing,26.89072576389518,1.1705645150955646,14.774912601196638,90.02551790463028,,4.544776119402985,134.0,0.0122,,
Mumbai,2020,8,1,Light clothing,26.423454294922532,1.280376345520058,19.901498144672765,89.93890969471265,,4.664,125.0,0.0113,,
Mumbai,2020,9,2,Light clothing,26.973333356115553,0.48750000424269174,8.007377544542154,88.47387070126004,,4.544554455445544,101.0,0.0092,,
Mumbai,2020,10,2,Light clothing,27.36135757353998,0.15564516262822253,7.424122932897781,85.52970640633696,,4.476190476190476,84.0,0.0076,,
Mumbai,2020,11,2,Casual wear,26.870416691568163,0.0001388888909584946,9.659315475573143,63.359269669320845,,4.293214285714286,5600.0,0.5084,,
Mumbai,2020,12,3,Casual wear,25.014583346664264,0.033333333429469855,9.974667927911204,64.82333582447421,,4.305716406829992,6735.0,0.6114,,
Mumbai,2021,1,3,Casual wear,24.21673385814954,0.0048387097395075265,10.347362277728896,69.00702827207503,,4.317986845867887,6994.0,0.6349,,
Mumbai,2021,2,3,Casual wear,25.35260417631694,0.0016369047862965437,11.52723853494085,58.049624217408045,,4.31011756323477,5614.0,0.5096,,
Mumbai,2021,3,0,Casual wear,27.987567247882968,0.0,11.684045294920603,56.89600217983287,,4.300070871722183,7055.0,0.6404,,
Mumbai,2021,4,0,Light clothing,28.571805569860672,0.0001388888909584946,9.815927306065957,75.59090649551815,,4.489795918367347,98.0,0.0089,,
Mumbai,2021,5,0,Light clothing,29.25053765696864,0.3650537621510285,12.99475167507446,76.89340018200618,,4.669902912621359,103.0,0.0094,,
Mumbai,2021,6,1,Light clothing,27.116250003708732,0.505000002299332,12.630631310906676,87.90353968938192,,4.598039215686274,102.0,0.0093,,
Mumbai,2021,7,1,Light clothing,27.0100134059947,0.8275537659684497,17.05142010043385,87.41227978532032,,4.592592592592593,135.0,0.0123,,
Mumbai,2021,8,1,Light clothing,26.318615590372392,0.43642473322970254,12.337504775293413,88.30253801038188,,4.415254237288136,118.0,0.0107,,
Mumbai,2021,9,2,Waterproof clothing,26.321805546018812,0.7418055577721033,14.358244839310647,89.15251688427395,,4.0,7.0,0.0006,,
Mumbai,2021,10,2,Light clothing,27.326545725586595,0.0661290326826675,9.32423614998979,77.72932807348107,,4.362068965517241,58.0,0.0053,,
Mumbai,2021,11,2,Casual wear,27.071041684680516,0.027222222348468172,9.602566675262318,68.9992943154441,,4.193602693602694,4752.0,0.4314,,
Mumbai,2021,12,3,Casual wear,23.647715086578042,0.13118279606143954,9.624848865933957,75.45339444375807,,4.206890699253225,5892.0,0.5349,,
Mumbai,2022,1,3,Casual wear,22.498454296460714,0.004973118393732014,10.595495075067525,65.92790348042723,,4.237453305181095,6157.0,0.5589,,
Mumbai,2022,2,3,Casual wear,23.333184486343747,0.0,10.870520094409585,66.1245655530975,,4.179476170030056,4658.0,0.4228,,
Mumbai,2022,3,0,Casual wear,28.153360225821054,0.00013440860415338187,11.585293657837376,56.300962057164924,,4.2089141959552325,5093.0,0.4623,,
Mumbai,2022,4,0,Casual wear,29.037847227520412,0.0,10.689139463255803,73.48067810270521,,4.229018210609659,5052.0,0.4586,,
Mumbai,2022,5,0,Light clothing,29.819220407034763,0.006989247395947415,13.421726850011657,71.32101776779339,,4.402985074626866,67.0,0.0061,,
Mumbai,2022,6,1,Light clothing,27.746111109521653,0.6059722243394289,14.62368088811636,81.83319542672899,,4.670886075949367,79.0,0.0072,,
Mumbai,2022,7,1,Light clothing,26.092271538190943,1.1561827950219634,15.926404159676324,88.00308708478046,,4.486486486486487,111.0,0.0101,,
Mumbai,2022,8,1,Light clothing,26.384408589332335,0.7463709685991529,16.556071351532655,86.06638477694604,,4.645833333333333,96.0,0.0087,,
Mumbai,2022,9,2,Light clothing,26.174444490008884,0.9059722229424451,9.457118816839325,87.63255967034235,,4.541176470588235,85.0,0.0077,,
Mumbai,2022,10,2,Casual wear,26.28030916952318,0.18588709619937724,8.112380327236268,80.04108913995887,,4.261754797129046,6827.0,0.6197,,
Mumbai,2022,11,2,Casual wear,25.674027795261807,0.0,9.78926773265832,59.79415897263421,,4.322585373003077,6823.0,0.6194,,
Mumbai,2022,12,3,Casual wear,25.32305109116339,0.00026881720830676374,9.778723176208235,64.02886401453326,,4.315405139727567,7121.0,0.6464,,
Mumbai,2023,1,3,Casual wear,22.657258083743432,0.0013440860215053765,10.95778178760121,67.06969413962416,,4.319271057540536,6969.0,0.6326,,
Mumbai,2023,2,3,Casual wear,25.705803587323143,0.0,12.174462312078546,50.58140069246292,,4.296826625386997,5168.0,0.4691,,
Mumbai,2023,3,0,Casual wear,27.194354852040608,0.021236559446220115,10.428596908807434,61.67800681565397,,4.29664508534432,3398.0,0.3085,,
Mumbai,2023,4,0,Casual wear,28.74937500423855,0.001388888909584946,11.947180128097534,67.9016510354148,,,,,,
Mumbai,2023,5,0,Light clothing,29.763978478729083,0.020833333032906697,11.314658105373383,73.71873364397274,,,,,,
Mumbai,2023,6,1,Light clothing,28.95618054072062,0.4502777795203858,17.50114856561025,78.44399837917751,,,,,,
Mumbai,2023,7,1,Waterproof clothing,26.41424730003521,1.5278225791770765,16.717727675873746,88.42681889892906,,,,,,
Mumbai,2023,8,1,Light clothing,26.79811829648992,0.21384408867727683,14.70794961481325,84.52459180483254,,,,,,
Mumbai,2023,9,2,Casual wear,26.755138884650336,0.5273611121707492,10.084292751757635,87.30489795472887,,,,,,
Mumbai,2023,10,2,Light clothing,27.94159943057645,0.01357526909960534,8.917722198791722,73.21451842913064,,,,,,
Mumbai,2023,11,2,Casual wear,27.484791665607027,0.0061111112332178485,8.987855269966854,63.2354287121031,,,,,,
Mumbai,2023,12,3,Casual wear,25.963642425434564,0.0008064516349345125,9.677230248848597,60.80996742043444,,,,,,
New York,2019,1,3,Waterproof clothing,-0.25759408385643073,0.16155914014946388,16.195047109838455,64.09565388771796,,4.444444444444445,9.0,0.0008,,
New York,2019,2,3,Thermal wear,0.9699404717345411,0.1321428571273351,14.49290334646191,64.08640342383157,,4.72,25.0,0.0023,,
New York,2019,3,0,Heavy outerwear,3.4924731258132686,0.151478495008202,14.771930205405399,64.32983308197349,,4.507692307692308,65.0,0.0059,,
New York,2019,4,0,Layered clothing,11.356111104848484,0.16500000042012997,16.068901357137495,70.29160021411047,,4.642857142857143,28.0,0.0025,,
New York,2019,5,0,Layered clothing,15.805510772171841,0.2071236568372897,13.785980448527361,76.68651563890519,,4.378378378378378,37.0,0.0034,,
New York,2019,6,1,Casual wear,21.03013890054491,0.19180555782384343,12.636842621780104,73.78679038418665,,4.316028018129378,7281.0,0.6609,,
New York,2019,7,1,Casual wear,25.505981191512078,0.17540322623706311,10.08830045568206,74.93772027825797,,4.332056958238602,8357.0,0.7586,,
New York,2019,8,1,Casual wear,23.356854869473366,0.13803763398199634,9.942485833240132,76.59812727282124,,4.320455528326366,6937.0,0.6297,,
New York,2019,9,2,Casual wear,20.25284721189075,0.045972222151855625,11.495685076051288,74.07592618200513,,4.3137009842212155,6401.0,0.5811,,
New York,2019,10,2,Casual wear,14.897513451755687,0.1935483867763191,14.94558930869705,75.5302155351126,,4.331393775372124,7390.0,0.6708,,
New York,2019,11,2,Casual wear,5.487986103140025,0.0777777781813509,14.153352479967806,67.82713067266675,,4.3534933619417995,7457.0,0.6769,,
New York,2019,12,3,Heavy outerwear,2.420094082502508,0.2212365600030108,14.49592096046094,75.38840833274267,,4.616,125.0,0.0113,,
New York,2020,1,3,Heavy outerwear,2.823857519580352,0.07284946293039347,14.718761494523415,69.07697073105842,,4.543103448275862,116.0,0.0105,,
New York,2020,2,3,Heavy outerwear,3.1789511511551924,0.12859195436554394,13.202861440635617,70.09632130874985,,4.4945054945054945,91.0,0.0083,,
New York,2020,3,0,Heavy outerwear,7.186357523640117,0.1487903224244233,14.889339909117709,67.86719116344247,,4.511111111111111,45.0,0.0041,,
New York,2020,4,0,Layered clothing,8.758124996747615,0.17777777823309104,17.456482054127587,66.59045320616828,,4.46875,32.0,0.0029,,
New York,2020,5,0,Waterproof clothing,14.228293001892105,0.09784946194098841,15.142675769345093,68.54240326983954,,4.4,5.0,0.0005,,
New York,2020,6,1,Casual wear,21.763263897101083,0.11236111089173291,11.857905163119236,70.70199120044708,,4.304813839789395,5318.0,0.4828,,
New York,2020,7,1,Casual wear,25.796236563754338,0.17903225780815207,11.318680722106208,74.26337666921718,,4.302545691906006,6128.0,0.5563,,
New York,2020,8,1,Light clothing,24.20813174145196,0.15053763530988207,11.50131230144411,76.76247990515924,,4.664,125.0,0.0113,,
New York,2020,9,2,Casual wear,19.63465277618832,0.13638888843771485,12.196598256958856,74.82397050062815,,4.319737800436999,5492.0,0.4985,,
New York,2020,10,2,Casual wear,14.296841401817098,0.17647849462966445,12.678424625627455,78.30817692254179,,4.298559364133134,6039.0,0.5482,,
New York,2020,11,2,Layered clothing,9.704722222509897,0.15097222274376287,14.184302245701353,72.82094384299384,,4.5375,80.0,0.0073,,
New York,2020,12,3,Casual wear,2.738306453626763,0.1586021499167527,15.773790401316457,74.268079767945,,4.305716406829992,6735.0,0.6114,,
New York,2021,1,3,Heavy outerwear,0.4960349502182135,0.06895161306946188,14.89913346450175,66.73141646385193,,4.55,60.0,0.0054,,
New York,2021,2,3,Thermal wear,-0.8040922652885673,0.2145833345019214,14.645497268864087,76.22620255606515,,4.674418604651163,43.0,0.0039,,
New York,2021,3,0,Heavy outerwear,5.597311825836979,0.11518817328877988,15.688823533634986,63.35994016226902,,4.565217391304348,46.0,0.0042,,
New York,2021,4,0,Waterproof clothing,10.68562500100169,0.13750000037252902,14.174782494869497,65.46620688173506,,4.142857142857143,7.0,0.0006,,
New York,2021,5,0,Layered clothing,15.67836021992468,0.15241935507704815,14.334878722025502,64.06229616236944,,4.782608695652174,23.0,0.0021,,
New York,2021,6,1,Casual wear,22.02597224050098,0.08319444464933541,12.20040640268061,74.16692343817817,,4.233379183860614,6543.0,0.594,,
New York,2021,7,1,Light clothing,24.072916652566644,0.2880376352558053,10.547188615125995,78.36948231215118,,4.592592592592593,135.0,0.0123,,
New York,2021,8,1,Casual wear,24.36209678393538,0.21518817297633616,10.937912785157721,77.99650374791955,,4.181261690188744,5881.0,0.5339,,
New York,2021,9,2,Casual wear,20.79548609919018,0.31791666694399384,13.465806585177779,75.54632315105862,,4.220317725752508,4784.0,0.4343,,
New York,2021,10,2,Casual wear,16.53461019903101,0.22043010763703816,13.432993956150547,77.68547321647726,,4.180900766211923,5351.0,0.4857,,
New York,2021,11,2,Layered clothing,7.354027785107286,0.0588888892903924,13.001231616818243,69.94690109358893,,4.5,50.0,0.0045,,
New York,2021,12,3,Heavy outerwear,5.511760757550077,0.06505376356904224,12.48591539896624,72.00775081880631,,4.482142857142857,56.0,0.0051,,
New York,2022,1,3,Layered clothing,-1.8301747323023856,0.16209677500670316,15.221102617200344,64.75541716493586,,4.653061224489796,98.0,0.0089,,
New York,2022,2,3,Thermal wear,1.4837797518065643,0.13690476204889515,15.884773734868283,66.6929448615937,,4.285714285714286,28.0,0.0025,,
New York,2022,3,0,Heavy outerwear,5.99831988489736,0.1220430108488247,16.1642097537556,66.24505183517292,,4.585365853658536,41.0,0.0037,,
New York,2022,4,0,Waterproof clothing,10.110486111707157,0.21430555526167155,16.699604688088098,63.85719327661726,,4.0,9.0,0.0008,,
New York,2022,5,0,Layered clothing,16.471438154738436,0.15954301127743337,13.092831748627848,74.09837743800173,,4.631578947368421,19.0,0.0017,,
New York,2022,6,1,Light clothing,21.217777774069045,0.09874999984684918,13.081755150937372,67.53268813557095,,4.670886075949367,79.0,0.0072,,
New York,2022,7,1,Light clothing,25.742473130585044,0.09999999984778384,12.52751875708821,66.12978057451146,,4.486486486486487,111.0,0.0101,,
New York,2022,8,1,Light clothing,25.2855510968034,0.09059139849838391,11.561505133907,68.00348371844137,,4.645833333333333,96.0,0.0087,,
New York,2022,9,2,Casual wear,20.007499982251062,0.11805555545207527,12.222528074185053,70.51644571092393,,4.2654462242562925,5244.0,0.476,,
New York,2022,10,2,Layered clothing,13.021975799273418,0.40430107179989094,13.69235557277677,75.28491444741526,,4.578947368421052,114.0,0.0103,,
New York,2022,11,2,Layered clothing,9.330625008895165,0.13444444405742817,14.396991008106205,71.505950917138,,4.637362637362638,91.0,0.0083,,
New York,2022,12,3,Layered clothing,2.352956993605501,0.14690860171592043,15.626288284697841,70.87082275780298,,4.649484536082475,97.0,0.0088,,
New York,2023,1,3,Layered clothing,4.717338715029019,0.17459677386107625,13.586406053634741,75.00263972436228,,4.693181818181818,88.0,0.008,,
New York,2023,2,3,Heavy outerwear,3.4009672536326216,0.07172619114585575,14.891907280532731,65.72292036669594,,4.891891891891892,37.0,0.0034,,
New York,2023,3,0,Heavy outerwear,5.285954297540249,0.16129032320152686,16.11235960484833,65.68792295455933,,4.2631578947368425,19.0,0.0017,,
New York,2023,4,0,Layered clothing,12.635555570448439,0.19444444459966487,14.080926591364873,66.98121642271677,,,,,,
New York,2023,5,0,Waterproof clothing,15.637500016920027,0.05739247274174485,12.685142561552986,61.59011019942581,,,,,,
New York,2023,6,1,Casual wear,19.994999984900158,0.13430555561143492,12.3243313525286,69.72668886979422,,,,,,
New York,2023,7,1,Casual wear,24.759408647014247,0.2463709672171903,9.851856406457642,76.57585662923833,,,,,,
New York,2023,8,1,Casual wear,23.029032259859065,0.176075270749949,11.809873559782583,71.88320755958557,,,,,,
New York,2023,9,2,Casual wear,20.045972230699327,0.32958333065940276,12.546820865074794,76.1140695836809,,,,,,
New York,2023,10,2,Casual wear,14.565994634423205,0.16465053808504856,11.568428631671654,76.0262807876833,,,,,,
New York,2023,11,2,Layered clothing,6.380624994557972,0.07500000034148495,12.316615416937404,69.11661914189656,,,,,,
New York,2023,12,3,Layered clothing,4.958669357467443,0.2939516141690234,11.670433198051747,77.56982638758998,,,,,,
Paris,2019,1,3,Layered clothing,3.553696227770659,0.06505376390952577,12.608005332690412,85.52557284344908,,4.423728813559322,59.0,0.0054,,
Paris,2019,2,3,Heavy outerwear,6.039955361973538,0.04494047650535192,12.240643557693277,80.90439542702266,,4.578947368421052,38.0,0.0034,,
Paris,2019,3,0,Layered clothing,8.860551076270239,0.08588709788376926,16.928379105343932,74.50096917921498,,4.345454545454546,55.0,0.005,,
Paris,2019,4,0,Layered clothing,10.615416650841427,0.03902777836968501,11.648950288279188,69.08710536162059,,4.642857142857143,28.0,0.0025,,
Paris,2019,5,0,Layered clothing,12.785483858758404,0.11115591455331092,11.163573212200596,71.44367617432789,,4.378378378378378,37.0,0.0034,,
Paris,2019,6,1,Layered clothing,19.03291669156816,0.09625000040978193,12.07516031348043,69.91865270402697,,4.547169811320755,53.0,0.0048,,
Paris,2019,7,1,Casual wear,21.453830658748586,0.03629032291111446,11.35548754068472,56.898061540818986,,4.332056958238602,8357.0,0.7586,,
Paris,2019,8,1,Casual wear,20.02802418252473,0.10094085969631711,10.264847316969467,65.62040580729003,,4.320455528326366,6937.0,0.6297,,
Paris,2019,9,2,Casual wear,16.949930582443873,0.04208333339128229,13.465568040476905,65.55623913606009,,4.3137009842212155,6401.0,0.5811,,
Paris,2019,10,2,Casual wear,13.255981178693874,0.12580645281661262,14.378322460157897,81.28876449215797,,4.331393775372124,7390.0,0.6708,,
Paris,2019,11,2,Layered clothing,7.6265277821104975,0.1475000009044177,13.980602272434368,86.75514056947496,,4.4411764705882355,102.0,0.0093,,
Paris,2019,12,3,Heavy outerwear,6.25954300578263,0.12096774308711931,15.587457243553413,85.93814366350892,,4.616,125.0,0.0113,,
Paris,2020,1,3,Heavy outerwear,5.887701617668994,0.04274193591047679,14.627513205892937,87.13691998553533,,4.543103448275862,116.0,0.0105,,
Paris,2020,2,3,Layered clothing,8.217744244936982,0.16106321951695557,21.359794396436076,78.89189914725293,,4.328125,64.0,0.0058,,
Paris,2020,3,0,Layered clothing,7.77264785748576,0.0942204304299848,15.781489396287549,72.64097128632248,,4.526315789473684,38.0,0.0034,,
Paris,2020,4,0,Heavy outerwear,13.668541669742101,0.037361111264261934,11.331411308464077,61.63302098115285,,4.575757575757576,33.0,0.003,,
Paris,2020,5,0,Layered clothing,15.265188175503926,0.04086021534217301,12.327646794178152,60.31034073522014,,4.7894736842105265,19.0,0.0017,,
Paris,2020,6,1,Layered clothing,18.048333338896434,0.06680555587841405,12.130374632030726,64.79536186324225,,4.565217391304348,23.0,0.0021,,
Paris,2020,7,1,Casual wear,20.103561808986047,0.015591398161906068,12.38067484358626,57.846743201696746,,4.302545691906006,6128.0,0.5563,,
Paris,2020,8,1,Casual wear,21.77096777705736,0.04623655962847894,11.437502384626416,61.61640553833336,,4.318631561294651,5963.0,0.5413,,
Paris,2020,9,2,Layered clothing,18.17020831240548,0.04611111136360301,11.602331838508446,65.72788292037116,,4.666666666666667,57.0,0.0052,,
Paris,2020,10,2,Casual wear,12.10483871031833,0.12956989336238112,15.674252368109201,81.16001360390776,,4.298559364133134,6039.0,0.5482,,
Paris,2020,11,2,Layered clothing,9.084513880684971,0.027916666958481072,11.738714311023553,85.64311388333638,,4.5375,80.0,0.0073,,
Paris,2020,12,3,Layered clothing,6.237096788937486,0.18306451608296684,15.411821677479693,89.62018257571805,,4.6419753086419755,81.0,0.0074,,
Paris,2021,1,3,Heavy outerwear,4.154166662024074,0.1370967750447572,13.732545881742432,87.53331067997922,,4.55,60.0,0.0054,,
Paris,2021,2,3,Layered clothing,6.081250000074284,0.06770833356616397,14.063584867687453,75.58015315305619,,4.55,60.0,0.0054,,
Paris,2021,3,0,Heavy outerwear,7.290792993980871,0.04986559169026472,13.923876080782183,74.49476167976215,,4.565217391304348,46.0,0.0042,,
Paris,2021,4,0,Layered clothing,8.521111089167082,0.03944444463898738,12.186739932083421,63.50776224136352,,4.354838709677419,31.0,0.0028,,
Paris,2021,5,0,Layered clothing,12.3770161158936,0.10134408677056912,15.437900180778195,69.10792063641291,,4.782608695652174,23.0,0.0021,,
Paris,2021,6,1,Layered clothing,18.981527780161965,0.13263888966499104,9.247074106956521,73.08310000366635,,4.533333333333333,15.0,0.0014,,
Paris,2021,7,1,Layered clothing,19.026747284397,0.12446236594389844,11.677912685018713,74.11887527793967,,4.636363636363637,22.0,0.002,,
Paris,2021,8,1,Layered clothing,18.322110210695573,0.03333333353962629,12.1504829615675,70.90796836217244,,4.863636363636363,22.0,0.002,,
Paris,2021,9,2,Casual wear,17.726111075613233,0.10319444476109411,9.32041329642137,75.26160212357838,,4.220317725752508,4784.0,0.4343,,
Paris,2021,10,2,Layered clothing,11.81659943762646,0.09825268877489914,12.800856761874691,81.21428557365171,,4.590163934426229,61.0,0.0055,,
Paris,2021,11,2,Layered clothing,6.303055555890832,0.029027778024060858,10.970007546535797,87.52757892078823,,4.5,50.0,0.0045,,
Paris,2021,12,3,Layered clothing,6.179301081906243,0.11397849419905294,13.087466382291367,89.52906228650001,,4.605633802816901,71.0,0.0064,,
Paris,2022,1,3,Layered clothing,4.209005375668126,0.06653225837495699,11.158629286513534,88.14568623676095,,4.653061224489796,98.0,0.0089,,
Paris,2022,2,3,Heavy outerwear,6.9180059437030215,0.040625000306005986,16.99099210773905,78.78606807050251,,4.78,50.0,0.0045,,
Paris,2022,3,0,Heavy outerwear,8.568413989052617,0.0591397857674027,11.26055907225737,72.90624784141458,,4.585365853658536,41.0,0.0037,,
Paris,2022,4,0,Heavy outerwear,10.601944446232583,0.07333333352580666,13.020406364318397,68.56480498843723,,4.741935483870968,31.0,0.0028,,
Paris,2022,5,0,Layered clothing,16.165120990045608,0.050940860603605545,10.48517102563894,65.75949063095995,,4.631578947368421,19.0,0.0017,,
Paris,2022,6,1,Layered clothing,18.738819422986772,0.12972222276859813,10.19612245162328,68.49699340396457,,4.333333333333333,18.0,0.0016,,
Paris,2022,7,1,Layered clothing,21.450201624183244,0.03561827971009157,10.17464617703871,58.007068687869655,,4.5625,16.0,0.0015,,
Paris,2022,8,1,Casual wear,22.02654568867017,0.06639785023145778,10.181719190370972,58.044600584173715,,4.218103722558066,6286.0,0.5706,,
Paris,2022,9,2,Casual wear,15.974166652229098,0.10333333369344473,10.407486488338973,72.93911375204722,,4.2654462242562925,5244.0,0.476,,
Paris,2022,10,2,Waterproof clothing,15.176612895022156,0.12271505508131238,11.775109466686043,81.41571863235966,,4.833333333333333,6.0,0.0005,,
Paris,2022,11,2,Casual wear,9.388541670309174,0.09430555576044652,14.933951349390878,86.09074892997742,,4.322585373003077,6823.0,0.6194,,
Paris,2022,12,3,Layered clothing,4.770295691976864,0.13225806581597493,13.73904100252736,86.20293701335947,,4.649484536082475,97.0,0.0088,,
Paris,2023,1,3,Layered clothing,5.769220435175725,0.09153225828683184,16.872412341897206,84.02001942870437,,4.693181818181818,88.0,0.008,,
Paris,2023,2,3,Layered clothing,5.484375006242079,0.0063988095193746545,11.746132119337009,80.9653963077636,,4.5,50.0,0.0045,,
Paris,2023,3,0,Heavy outerwear,8.627016148079306,0.14112903207780852,17.087893515184362,75.85849288202101,,4.2631578947368425,19.0,0.0017,,
Paris,2023,4,0,Layered clothing,9.626597208819456,0.1051388894725177,13.099910057998366,75.89160699314542,,,,,,
Paris,2023,5,0,Layered clothing,14.436424719390049,0.0881720430427982,13.345242013373683,73.52030248026693,,,,,,
Paris,2023,6,1,Casual wear,20.904930537276798,0.07972222240641713,10.927537885970539,62.8440494828754,,,,,,
Paris,2023,7,1,Casual wear,20.288911282375295,0.14099462411456531,13.862883069262068,63.20125904647253,,,,,,
Paris,2023,8,1,Casual wear,19.44838709856874,0.16330645195338675,11.673551934140344,74.92861326791908,,,,,,
Paris,2023,9,2,Casual wear,19.623680548535454,0.10263888913517197,9.766691543410221,74.90424104531606,,,,,,
Paris,2023,10,2,Layered clothing,14.37426076332728,0.13266129074718364,13.089535431035104,78.41307533940962,,,,,,
Paris,2023,11,2,Layered clothing,8.815069448192501,0.14277777830138802,17.37356953554683,84.19356594615512,,,,,,
Paris,2023,12,3,Heavy outerwear,7.328091390335792,0.09556451671185993,16.913711017898976,85.38553984447192,,,,,,
Sao Paulo,2019,1,3,Casual wear,24.012567177895576,0.21478494741423157,8.510921361986348,79.38628862750146,,4.346513535684988,6095.0,0.5533,,
Sao Paulo,2019,2,3,Casual wear,21.796056553011848,0.40014880921115126,10.390732666211468,83.63702625603904,,4.350398179749716,4395.0,0.399,,
Sao Paulo,2019,3,0,Waterproof clothing,21.189784972898423,0.220295697911292,9.339843953969659,86.73262567930324,,3.7142857142857144,7.0,0.0006,,
Sao Paulo,2019,4,0,Casual wear,20.612499988079072,0.1487500002918144,8.527391060193379,85.59677266544766,,4.336391437308868,5232.0,0.4749,,
Sao Paulo,2019,5,0,Casual wear,18.90678762748677,0.07997311915080714,9.190570551621658,84.95387642357939,,4.297490414778668,5738.0,0.5209,,
Sao Paulo,2019,6,1,Casual wear,17.158958310551114,0.03694444456034236,8.754786721120277,80.7453132947286,,4.316028018129378,7281.0,0.6609,,
Sao Paulo,2019,7,1,Casual wear,15.265188173581196,0.14153225863132105,9.50585579155113,79.00397018207016,,4.332056958238602,8357.0,0.7586,,
Sao Paulo,2019,8,1,Layered clothing,16.32083334461335,0.024865591728318762,12.060195909071995,78.54375622605765,,4.557142857142857,70.0,0.0064,,
Sao Paulo,2019,9,2,Casual wear,19.01263889339235,0.0706944448976881,12.008404860811101,77.8646528032091,,4.3137009842212155,6401.0,0.5811,,
Sao Paulo,2019,10,2,Casual wear,20.886895163084873,0.0666666668989966,11.264420714389573,76.1911607275727,,4.331393775372124,7390.0,0.6708,,
Sao Paulo,2019,11,2,Casual wear,20.2995139280955,0.15402777883120708,12.541426491695974,82.54663903713227,,4.3534933619417995,7457.0,0.6769,,
Sao Paulo,2019,12,3,Casual wear,21.094556431616507,0.13118279730320298,10.259762205103392,84.1587615679669,,4.356753812636166,11016.0,1.0,,
Sao Paulo,2020,1,3,Casual wear,21.64415322324281,0.3654569881237162,10.751482848478581,83.4570216671113,,4.392203133849349,10594.0,0.9617,,
Sao Paulo,2020,2,3,Casual wear,21.02557466907063,0.3415229891095011,10.657043755739585,86.71565741506116,,4.330115584910454,7873.0,0.7147,,
Sao Paulo,2020,3,0,Casual wear,19.91249995334174,0.11612903394846506,10.224007059890097,85.4860996174556,,4.3460736622654625,5756.0,0.5225,,
Sao Paulo,2020,4,0,Casual wear,18.696666668521033,0.014722222389860287,10.594414763400952,79.15636876424153,,4.320467000238265,4197.0,0.381,,
Sao Paulo,2020,5,0,Casual wear,16.176612900149436,0.041935483935058755,11.39021219745759,75.48384664135594,,4.255749770009199,4348.0,0.3947,,
Sao Paulo,2020,6,1,Layered clothing,17.971319444974263,0.08638888981400264,11.359984303679731,76.49114699893528,,4.565217391304348,23.0,0.0021,,
Sao Paulo,2020,7,1,Casual wear,17.13709678957539,0.01021505389562858,11.755947294695083,74.02809519408852,,4.302545691906006,6128.0,0.5563,,
Sao Paulo,2020,8,1,Layered clothing,16.46935482563511,0.10456989271946812,10.641246493224816,77.76986402849997,,4.6923076923076925,39.0,0.0035,,
Sao Paulo,2020,9,2,Casual wear,20.6517361190584,0.04736111174441046,11.372561277283562,73.05487277242872,,4.319737800436999,5492.0,0.4985,,
Sao Paulo,2020,10,2,Casual wear,20.61303762594859,0.14408602126904071,11.652441636488962,75.86389155541697,,4.298559364133134,6039.0,0.5482,,
Sao Paulo,2020,11,2,Layered clothing,19.29541665315628,0.15541666695434186,10.469391354256206,81.2786191754871,,4.5375,80.0,0.0073,,
Sao Paulo,2020,12,3,Casual wear,21.55981183821155,0.20672043124514242,10.347350715789744,84.00088521998416,,4.305716406829992,6735.0,0.6114,,
Sao Paulo,2021,1,3,Casual wear,22.679704302100724,0.28131720540864813,9.57420233052264,82.17213677847258,,4.317986845867887,6994.0,0.6349,,
Sao Paulo,2021,2,3,Casual wear,21.259226170324144,0.2477678564111037,9.388997851072677,83.6979230869384,,4.31011756323477,5614.0,0.5096,,
Sao Paulo,2021,3,0,Casual wear,21.810080641059464,0.1491935485473243,7.866183127927524,83.7177804721299,,4.300070871722183,7055.0,0.6404,,
Sao Paulo,2021,4,0,Casual wear,18.194097185134886,0.07916666778425376,10.381754260924128,82.8020912779702,,4.2394951957550555,6973.0,0.633,,
Sao Paulo,2021,5,0,Layered clothing,17.068548394146784,0.048655914082642526,9.861558081962729,79.57792210835282,,4.782608695652174,23.0,0.0021,,
Sao Paulo,2021,6,1,Layered clothing,15.822916675276227,0.035555556106070675,9.214409409049484,83.4562509642707,,4.533333333333333,15.0,0.0014,,
Sao Paulo,2021,7,1,Layered clothing,14.31498655196159,0.025403225844505654,10.347701896102198,72.56377651101799,,4.636363636363637,22.0,0.002,,
Sao Paulo,2021,8,1,Layered clothing,17.456249961289025,0.04448924741397301,11.573866819782603,71.92780664402952,,4.863636363636363,22.0,0.002,,
Sao Paulo,2021,9,2,Layered clothing,19.936875041325887,0.01861111129530602,11.767644042273362,74.77662731541528,,4.55,40.0,0.0036,,
Sao Paulo,2021,10,2,Casual wear,18.361223145197798,0.20846774374004653,13.61786497007775,85.63645983767766,,4.180900766211923,5351.0,0.4857,,
Sao Paulo,2021,11,2,Casual wear,19.38000000450346,0.08486111166162623,13.166121169262462,80.31033999919892,,4.193602693602694,4752.0,0.4314,,
Sao Paulo,2021,12,3,Casual wear,20.13521506324891,0.2634408621177558,11.679569924911183,82.84869991322999,,4.206890699253225,5892.0,0.5349,,
Sao Paulo,2022,1,3,Casual wear,21.716935496176443,0.39112903316935865,10.449265218389932,85.65057508407101,,4.237453305181095,6157.0,0.5589,,
Sao Paulo,2022,2,3,Casual wear,21.402901815516607,0.1577380963911613,10.068935525958382,83.61786624931153,,4.179476170030056,4658.0,0.4228,,
Sao Paulo,2022,3,0,Casual wear,22.215725806451612,0.2278225816966545,10.02504214464176,81.98119964394517,,4.2089141959552325,5093.0,0.4623,,
Sao Paulo,2022,4,0,Casual wear,19.557638891537984,0.08597222313077914,10.928778414676588,82.87359383636051,,4.229018210609659,5052.0,0.4586,,
Sao Paulo,2022,5,0,Casual wear,16.51034946787742,0.03360215094821748,12.195142439336225,76.8495139665501,,4.191505791505792,5180.0,0.4702,,
Sao Paulo,2022,6,1,Layered clothing,15.725694413979848,0.07125000028560559,10.262244991792572,82.36887285974291,,4.333333333333333,18.0,0.0016,,
Sao Paulo,2022,7,1,Layered clothing,17.31579302587817,0.011559139576650435,10.842219646018679,71.33368593133906,,4.5625,16.0,0.0015,,
Sao Paulo,2022,8,1,Layered clothing,15.98104839940225,0.05161290381464266,13.818601870969418,76.56742287707586,,4.604651162790698,43.0,0.0039,,
Sao Paulo,2022,9,2,Layered clothing,16.076527799500358,0.18402777763290537,13.390604599648052,80.86660152011447,,4.633333333333334,60.0,0.0054,,
Sao Paulo,2022,10,2,Casual wear,19.408870981585594,0.20416666741573042,11.628871845662273,83.458526754892,,4.261754797129046,6827.0,0.6197,,
Sao Paulo,2022,11,2,Casual wear,17.932499987549253,0.18388888996301425,12.691779316961766,82.69077192412482,,4.322585373003077,6823.0,0.6194,,
Sao Paulo,2022,12,3,Casual wear,20.322580619524885,0.3557795703771614,12.193036745152165,84.71360362986083,,4.315405139727567,7121.0,0.6464,,
Sao Paulo,2023,1,3,Casual wear,21.007661277248012,0.27379032380638585,11.37576657477566,84.52046154391381,,4.319271057540536,6969.0,0.6326,,
Sao Paulo,2023,2,3,Waterproof clothing,21.789434529486158,0.3696428576395625,11.518515065134991,84.64913235391889,,4.75,4.0,0.0004,,
Sao Paulo,2023,3,0,Casual wear,21.52983869788467,0.24516129203300963,9.017948676661778,83.94962839413715,,4.29664508534432,3398.0,0.3085,,
Sao Paulo,2023,4,0,Casual wear,18.57701387670305,0.157361112234907,11.021996308283674,85.36880822711521,,,,,,
Sao Paulo,2023,5,0,Casual wear,17.368749976158142,0.06599462405848568,8.606201940686793,80.60582360144585,,,,,,
Sao Paulo,2023,6,1,Casual wear,15.746666660573748,0.04069444468865792,9.502551566643847,79.38174957169427,,,,,,
Sao Paulo,2023,7,1,Layered clothing,16.34448923410908,0.027150537848712936,10.94695585813894,75.99605623368294,,,,,,
Sao Paulo,2023,8,1,Casual wear,18.171639793662614,0.047177419477012206,12.024453042976317,74.06605780765574,,,,,,
Sao Paulo,2023,9,2,Layered clothing,21.259583353996277,0.05944444424369269,12.303338340918224,71.60170096556345,,,,,,
Sao Paulo,2023,10,2,Casual wear,20.547983856611353,0.2615591404979588,12.763379680293221,84.93438225920482,,,,,,
Sao Paulo,2023,11,2,Casual wear,22.35958334604899,0.19111111206519935,13.247253296441501,75.948234823015,,,,,,
Sao Paulo,2023,12,3,Casual wear,22.740994625194098,0.11048387084156275,11.25542239820765,77.66622688693386,,,,,,
Seoul,2019,1,3,Thermal wear,-2.6057795698814576,0.0006720430307811307,9.21524233078604,53.240966645620205,,4.564102564102564,39.0,0.0035,,
Seoul,2019,2,3,Thermal wear,-0.65349702279283,0.030505952369865207,8.882242793838182,53.879781490280514,,4.72,25.0,0.0023,,
Seoul,2019,3,0,Heavy outerwear,4.674865586908474,0.03709677456607742,10.283848308747814,65.7472790287387,,4.507692307692308,65.0,0.0059,,
Seoul,2019,4,0,Heavy outerwear,10.334513881595598,0.05736111138636867,9.585423230131466,65.3355254120297,,4.788461538461538,52.0,0.0047,,
Seoul,2019,5,0,Layered clothing,17.608467754497322,0.051881720562295244,11.063137297909106,59.505395563699864,,4.378378378378378,37.0,0.0034,,
Seoul,2019,6,1,Casual wear,20.98111109601127,0.08500000030423203,8.281697816732857,70.31584617561764,,4.316028018129378,7281.0,0.6609,,
Seoul,2019,7,1,Casual wear,24.938911296988046,0.24717742053451397,10.861110827815468,76.54511905998312,,4.332056958238602,8357.0,0.7586,,
Seoul,2019,8,1,Light clothing,25.425201615979596,0.1981182778554578,8.21526128518325,80.18314912755002,,4.4245283018867925,106.0,0.0096,,
Seoul,2019,9,2,Casual wear,20.883749998940363,0.20083333407011297,8.810585933551192,78.88798213005066,,4.3137009842212155,6401.0,0.5811,,
Seoul,2019,10,2,Casual wear,14.309206998155963,0.11438172034198238,9.0081592559494,75.64527491600283,,4.331393775372124,7390.0,0.6708,,
Seoul,2019,11,2,Layered clothing,5.661875012848112,0.10208333389212688,9.007797565932075,69.33103134632111,,4.4411764705882355,102.0,0.0093,,
Seoul,2019,12,3,Heavy outerwear,-0.3581317220864597,0.0334677423440641,9.363759490030427,67.06872720615839,,4.616,125.0,0.0113,,
Seoul,2020,1,3,Thermal wear,-0.13629032557790158,0.08588709713270266,8.645220950325971,69.28397206080857,,4.714285714285714,70.0,0.0064,,
Seoul,2020,2,3,Heavy outerwear,0.8578304606061643,0.08620689623057842,9.600838563950925,68.75513207912445,,4.4945054945054945,91.0,0.0083,,
Seoul,2020,3,0,Heavy outerwear,5.536290304429869,0.023655914140725008,11.304033466284313,62.98166424997391,,4.511111111111111,45.0,0.0041,,
Seoul,2020,4,0,Layered clothing,9.708750000373565,0.03388888916621605,12.757224700061812,58.53252825339635,,4.46875,32.0,0.0029,,
Seoul,2020,5,0,Casual wear,16.539717742191847,0.1543010751246124,9.778193600155333,72.8070433703802,,4.255749770009199,4348.0,0.3947,,
Seoul,2020,6,1,Casual wear,22.224027797910903,0.19736111275851725,8.995685519774755,73.66895362271202,,4.304813839789395,5318.0,0.4828,,
Seoul,2020,7,1,Casual wear,22.71115589910938,0.450403228231896,9.625515632812053,82.79900084772417,,4.302545691906006,6128.0,0.5563,,
Seoul,2020,8,1,Waterproof clothing,25.363978467961793,0.7268817214775951,11.082068270693222,88.58400720165622,,4.25,4.0,0.0004,,
Seoul,2020,9,2,Casual wear,19.464930538336436,0.29944444549166493,10.517215061850019,79.31812099880642,,4.319737800436999,5492.0,0.4985,,
Seoul,2020,10,2,Casual wear,12.529771506786346,0.017607526963837043,8.874522044133114,68.2205347348285,,4.298559364133134,6039.0,0.5482,,
Seoul,2020,11,2,Layered clothing,6.0207638795280625,0.08986111133255892,9.73692560667793,69.44801840252346,,4.5375,80.0,0.0073,,
Seoul,2020,12,3,Heavy outerwear,-2.2313171960914167,0.003629032312141311,9.5294262024584,60.35028468408892,,4.645161290322581,62.0,0.0056,,
Seoul,2021,1,3,Thermal wear,-3.7161962289903916,0.030107526959831356,10.888343191515373,55.06106897707908,,4.5,56.0,0.0051,,
Seoul,2021,2,3,Heavy outerwear,0.5180803498064744,0.02872023839015691,12.253539809291917,61.638452141057876,,4.48,50.0,0.0045,,
Seoul,2021,3,0,Heavy outerwear,6.7538978455197665,0.10927419433550488,9.763581442416355,71.88648711994131,,4.565217391304348,46.0,0.0042,,
Seoul,2021,4,0,Layered clothing,11.962222237553862,0.12694444444237485,10.744887068288193,64.83145059479608,,4.354838709677419,31.0,0.0028,,
Seoul,2021,5,0,Layered clothing,15.334543015367242,0.29247311947326504,10.265457726374109,76.9510208406756,,4.782608695652174,23.0,0.0021,,
Seoul,2021,6,1,Casual wear,21.097499994436898,0.10513888953460587,8.30948479457034,81.64171735445659,,4.233379183860614,6543.0,0.594,,
Seoul,2021,7,1,Casual wear,26.50107524728262,0.1825268821770786,7.6169907910529,78.70859812664729,,4.226178463312671,6937.0,0.6297,,
Seoul,2021,8,1,Waterproof clothing,24.65954304254183,0.44623656060186123,9.25833282050907,78.69493958770587,,4.166666666666667,6.0,0.0005,,
Seoul,2021,9,2,Waterproof clothing,21.082569430934058,0.17166666664804023,10.217019381415513,78.43490660985312,,4.0,7.0,0.0006,,
Seoul,2021,10,2,Casual wear,13.917876358754853,0.09099462417064495,9.040311744616877,77.04702018922374,,4.180900766211923,5351.0,0.4857,,
Seoul,2021,11,2,Layered clothing,6.002222221717238,0.08263888848531577,9.177843982271023,75.49555593596564,,4.5,50.0,0.0045,,
Seoul,2021,12,3,Heavy outerwear,-1.3259408557587253,0.014919355020968503,9.874322711660337,65.99883271801856,,4.482142857142857,56.0,0.0051,,
Seoul,2022,1,3,Thermal wear,-3.3975134442900856,0.008736559310026707,9.164990923417513,54.613708665294034,,4.793103448275862,58.0,0.0053,,
Seoul,2022,2,3,Heavy outerwear,-2.5037946421264983,0.005952380996729646,11.217595392039843,56.17963859722728,,4.78,50.0,0.0045,,
Seoul,2022,3,0,Heavy outerwear,5.222244632575581,0.10739247314631939,10.309769585328077,69.97335509843724,,4.585365853658536,41.0,0.0037,,
Seoul,2022,4,0,Layered clothing,12.08513886684345,0.040833332969082724,10.253314138369428,65.32567132049137,,4.391304347826087,23.0,0.0021,,
Seoul,2022,5,0,Layered clothing,17.13776881143611,0.024059140033298922,11.105373285150016,60.07669441674345,,4.631578947368421,19.0,0.0017,,
Seoul,2022,6,1,Casual wear,21.96020832326677,0.4648611142817471,11.856433758719099,75.7629617108239,,4.23406176629944,5537.0,0.5026,,
Seoul,2022,7,1,Light clothing,25.640658596510526,0.3108870989532881,8.581803264156465,83.3892449409731,,4.486486486486487,111.0,0.0101,,
Seoul,2022,8,1,Light clothing,23.951008107072564,0.6091397853207684,9.584826603091212,85.8680741043501,,4.645833333333333,96.0,0.0087,,
Seoul,2022,9,2,Casual wear,20.30868052509096,0.34152777495069636,9.538268747511838,76.4394534640842,,4.2654462242562925,5244.0,0.476,,
Seoul,2022,10,2,Casual wear,12.271438173068468,0.26250000123775774,8.899525208338614,75.91895687451927,,4.261754797129046,6827.0,0.6197,,
Seoul,2022,11,2,Layered clothing,7.561805562033421,0.08249999913904402,9.02939063873556,71.39453925291697,,4.637362637362638,91.0,0.0083,,
Seoul,2022,12,3,Thermal wear,-4.577016131792178,0.015188172229275267,8.93687950507287,56.96645072198683,,4.686567164179104,67.0,0.0061,,
Seoul,2023,1,3,Heavy outerwear,-3.4761424732584785,0.048790322947165655,9.874890894739218,60.57693157401136,,4.578947368421052,76.0,0.0069,,
Seoul,2023,2,3,Heavy outerwear,0.12492559089635809,0.004315476243694623,8.801620152645878,64.06870106288365,,4.891891891891892,37.0,0.0034,,
Seoul,2023,3,0,Heavy outerwear,7.237499993685032,0.023924731399102877,9.72791786812326,60.600956565590316,,4.2631578947368425,19.0,0.0017,,
Seoul,2023,4,0,Layered clothing,11.92458333339956,0.14402777825792631,11.30879542939365,64.09811081886292,,,,,,
Seoul,2023,5,0,Layered clothing,17.3890457198184,0.2241935473115694,9.403830539355035,70.74057277556389,,,,,,
Seoul,2023,6,1,Casual wear,21.465833359294468,0.3059722223215633,8.75421174975733,80.37396105130513,,,,,,
Seoul,2023,7,1,Light clothing,25.140927399358443,0.5616935473135722,8.993838376656015,86.34824910215153,,,,,,
Seoul,2023,8,1,Light clothing,25.552217721939087,0.4180107564334908,8.472578354900882,83.87081118040187,,,,,,
Seoul,2023,9,2,Casual wear,21.882638904783462,0.2012500016950071,7.379783144096534,81.63102573288812,,,,,,
Seoul,2023,10,2,Casual wear,13.675537631716779,0.039919354652445165,7.65291223502768,76.48699834269863,,,,,,
Seoul,2023,11,2,Layered clothing,4.671041671393646,0.1383333330973983,11.11209085765812,71.83166959020826,,,,,,
Seoul,2023,12,3,Heavy outerwear,-0.3614247356421284,0.10913978566125196,10.220621032379968,68.93473922309055,,,,,,
Singapore,2019,1,3,Casual wear,26.42930108757429,0.1725806469618473,11.425451929210334,84.23242518209642,,4.346513535684988,6095.0,0.5533,,
Singapore,2019,2,3,Light clothing,27.222098188740866,0.09181547752537188,10.675026688769105,78.63640780108315,,4.463414634146342,41.0,0.0037,,
Singapore,2019,3,0,Light clothing,27.76370968100845,0.28346774280471826,7.974935512669305,77.28348694565476,,4.384615384615385,65.0,0.0059,,
Singapore,2019,4,0,Waterproof clothing,27.214236121707494,0.4613888892448611,5.411037643916077,86.82653692563375,,3.5,6.0,0.0005,,
Singapore,2019,5,0,Light clothing,27.40416662154659,0.39139785160941465,6.960866272890119,88.04464689890544,,4.490566037735849,106.0,0.0096,,
Singapore,2019,6,1,Light clothing,27.0418749888738,0.49277777968802383,8.63332898153199,88.23004457685683,,4.506578947368421,152.0,0.0138,,
Singapore,2019,7,1,Light clothing,27.11061825547167,0.19610215048556046,10.195325779978948,83.9704706745763,,4.631205673758865,141.0,0.0128,,
Singapore,2019,8,1,Light clothing,27.593346790600847,0.11438172085270766,11.728225228286558,80.18268301153695,,4.4245283018867925,106.0,0.0096,,
Singapore,2019,9,2,Light clothing,27.7783333407508,0.12527777768878473,10.38354153384765,79.25366198751661,,4.477777777777778,90.0,0.0082,,
Singapore,2019,10,2,Light clothing,26.435013396765598,0.5866935493384478,5.926254872873586,87.96992847483645,,4.571428571428571,84.0,0.0076,,
Singapore,2019,11,2,Light clothing,26.47402773168352,0.43388889054250385,6.142558457371261,88.7013145711687,,4.513513513513513,74.0,0.0067,,
Singapore,2019,12,3,Light clothing,25.72936826623896,0.48118279589920915,10.333930980013584,87.12413639663369,,4.514285714285714,105.0,0.0095,,
Singapore,2020,1,3,Light clothing,26.436693540183448,0.1987903227689125,11.507582886084434,84.62277277567054,,4.73469387755102,98.0,0.0089,,
Singapore,2020,2,3,Light clothing,26.50459767758161,0.16637931190345479,12.735599995087618,83.12888566926978,,4.633663366336633,101.0,0.0092,,
Singapore,2020,3,0,Casual wear,27.357190849960492,0.18454301182020416,8.424824442794566,83.01391267263762,,4.3460736622654625,5756.0,0.5225,,
Singapore,2020,4,0,Light clothing,27.187638862927756,0.5484722227996423,6.099841136195593,86.26882268587748,,4.619047619047619,63.0,0.0057,,
Singapore,2020,5,0,Waterproof clothing,27.44892471836459,0.6096774217101836,6.047780098053076,88.3009833674277,,4.4,5.0,0.0005,,
Singapore,2020,6,1,Waterproof clothing,26.849097222752043,0.7540277773721351,8.104013528674841,88.35754749510023,,4.5,6.0,0.0005,,
Singapore,2020,7,1,Light clothing,26.53131721609382,0.491397852568777,7.758143846786791,88.11489692811043,,4.544776119402985,134.0,0.0122,,
Singapore,2020,8,1,Light clothing,27.168951613928684,0.21384408711505834,8.674183171923442,86.15951298129174,,4.664,125.0,0.0113,,
Singapore,2020,9,2,Waterproof clothing,26.34569448100196,0.49763889045765003,7.741358683175511,88.36992537180582,,3.4,5.0,0.0005,,
Singapore,2020,10,2,Waterproof clothing,26.868481228428504,0.47311827966002046,8.32071534872696,86.42321398950392,,5.0,2.0,0.0002,,
Singapore,2020,11,2,Light clothing,26.102222214804755,0.5198611131351855,6.448091949895025,89.54474154578315,,4.372549019607843,51.0,0.0046,,
Singapore,2020,12,3,Light clothing,26.032930112654164,0.46908602263698335,8.786818946561505,88.09278524050148,,4.350877192982456,57.0,0.0052,,
Singapore,2021,1,3,Casual wear,25.143346796753587,0.4844086038609666,12.097036121993936,86.71184946901055,,4.317986845867887,6994.0,0.6349,,
Singapore,2021,2,3,Casual wear,26.457440435886383,0.05654761966850076,13.113058151854645,77.60701735814412,,4.31011756323477,5614.0,0.5096,,
Singapore,2021,3,0,Casual wear,26.66666664615754,0.45631720632394795,8.520703677328363,84.17298942483882,,4.300070871722183,7055.0,0.6404,,
Singapore,2021,4,0,Light clothing,26.775625030199688,0.4519444434800082,6.039804394005073,87.41455041037665,,4.489795918367347,98.0,0.0089,,
Singapore,2021,5,0,Casual wear,27.044220416776596,0.5080645170903975,6.311811046414478,88.4672371648973,,4.241331907744005,6547.0,0.5943,,
Singapore,2021,6,1,Light clothing,27.019722220632765,0.5305555529168082,6.809372263443139,87.14353102578058,,4.598039215686274,102.0,0.0093,,
Singapore,2021,7,1,Light clothing,26.987231167413857,0.42809139623717274,8.76983695313014,85.77650418845556,,4.592592592592593,135.0,0.0123,,
Singapore,2021,8,1,Light clothing,26.415053726524434,0.4442204312090912,8.016239532459808,87.85383550582394,,4.415254237288136,118.0,0.0107,,
Singapore,2021,9,2,Light clothing,26.799583315849304,0.3794444453592102,7.778907071136766,86.10503288904826,,4.614285714285714,70.0,0.0064,,
Singapore,2021,10,2,Light clothing,26.84146507324711,0.380376346779847,7.786821403170145,87.09641514542282,,4.362068965517241,58.0,0.0053,,
Singapore,2021,11,2,Casual wear,26.24159716765086,0.4701388905445735,6.816138330267536,88.49462185435824,,4.193602693602694,4752.0,0.4314,,
Singapore,2021,12,3,Light clothing,25.95530915516679,0.3716397859676871,9.51495504731773,86.74764382454657,,4.573770491803279,61.0,0.0055,,
Singapore,2022,1,3,Casual wear,26.05295697335274,0.1637096776757189,10.078647982048732,83.32840044780444,,4.237453305181095,6157.0,0.5589,,
Singapore,2022,2,3,Light clothing,26.048958335603988,0.2608630955551884,9.208334170991467,85.27968741030921,,4.526315789473684,38.0,0.0034,,
Singapore,2022,3,0,Light clothing,26.826612908353088,0.22137096937825923,6.871300647255554,85.86442454655965,,4.578947368421052,57.0,0.0052,,
Singapore,2022,4,0,Light clothing,26.908749998940362,0.2705555568345719,5.948393586360746,86.18137984275818,,4.3768115942028984,69.0,0.0063,,
Singapore,2022,5,0,Light clothing,27.53763435989298,0.25201612856158967,7.506031766053169,85.3264674832744,,4.402985074626866,67.0,0.0061,,
Singapore,2022,6,1,Light clothing,26.33125000529819,0.6024999994991554,6.313806964663995,87.39598875045776,,4.670886075949367,79.0,0.0072,,
Singapore,2022,7,1,Light clothing,27.140120957487373,0.19798387206530058,7.999091070826336,85.03346647242064,,4.486486486486487,111.0,0.0101,,
Singapore,2022,8,1,Light clothing,26.594153227344638,0.465860214725297,7.848340584265609,85.84246766695412,,4.645833333333333,96.0,0.0087,,
Singapore,2022,9,2,Light clothing,26.55236109892527,0.3811111108399928,7.341292963135573,85.85416125191583,,4.541176470588235,85.0,0.0077,,
Singapore,2022,10,2,Light clothing,26.202486558627058,0.4739247315553247,7.17457272877456,87.62779642945976,,4.385964912280702,57.0,0.0052,,
Singapore,2022,11,2,Light clothing,26.141458339161343,0.4655555559011797,7.221186364690463,88.03551891114977,,4.490566037735849,53.0,0.0048,,
Singapore,2022,12,3,Light clothing,25.501209707670313,0.38427419424737974,9.023999685481671,87.67085526066441,,4.545454545454546,66.0,0.006,,
Singapore,2023,1,3,Casual wear,25.369959672292072,0.3815860223946392,9.64102973360368,87.29548775765204,,4.319271057540536,6969.0,0.6326,,
Singapore,2023,2,3,Casual wear,25.69002975452514,0.3111607132124759,10.871298960321361,85.74880919002351,,4.296826625386997,5168.0,0.4691,,
Singapore,2023,3,0,Waterproof clothing,25.744287608772197,0.3412634428610565,9.636834814343402,86.49609272967103,,4.142857142857143,7.0,0.0006,,
Singapore,2023,4,0,Casual wear,27.158819442325168,0.26847222263200415,5.894311235265599,85.25434856944614,,,,,,
Singapore,2023,5,0,Light clothing,27.999798387609502,0.2705645158446284,7.747127966654878,83.50386054541475,,,,,,
Singapore,2023,6,1,Waterproof clothing,27.52472221851349,0.3430555561246971,7.844384418220984,84.68240378167894,,,,,,
Singapore,2023,7,1,Waterproof clothing,26.781384401423956,0.4194892478145419,8.412115827202797,86.06230745520644,,,,,,
Singapore,2023,8,1,Light clothing,26.751008059388848,0.5177419361988863,8.247631966226525,85.70167611234932,,,,,,
Singapore,2023,9,2,Light clothing,27.050763890478347,0.3166666676911215,8.740091914518011,83.92470825513205,,,,,,
Singapore,2023,10,2,Casual wear,27.108602139257616,0.3561827970308162,6.491936366123858,85.43029389842864,,,,,,
Singapore,2023,11,2,Casual wear,26.182916651831732,0.5798611114008559,6.383141044858429,89.80237681600782,,,,,,
Singapore,2023,12,3,Casual wear,25.80295696309818,0.543817207647828,7.818526373515206,90.9194660904587,,,,,,
Stockholm,2019,1,3,Heavy outerwear,-2.5054435519731895,0.0518817211531343,11.783764297122596,85.54121323042018,,4.553191489361702,47.0,0.0043,,
Stockholm,2019,2,3,Heavy outerwear,0.9837053590010674,0.07142857206054032,14.483240958924094,80.85248545805614,,4.578947368421052,38.0,0.0034,,
Stockholm,2019,3,0,Heavy outerwear,1.9899865616343275,0.09301075386384161,14.305812618905499,76.87692285096773,,4.507692307692308,65.0,0.0059,,
Stockholm,2019,4,0,Heavy outerwear,5.963888885975919,0.006805555708706379,11.85276666333278,62.62298916710748,,4.788461538461538,52.0,0.0047,,
Stockholm,2019,5,0,Heavy outerwear,9.765793014032345,0.08642473152928776,11.593784941780951,70.94783189476178,,4.38,50.0,0.0045,,
Stockholm,2019,6,1,Layered clothing,17.574375013510387,0.06680555571284559,12.66603491579493,66.21650302939945,,4.547169811320755,53.0,0.0048,,
Stockholm,2019,7,1,Casual wear,16.71659948620745,0.0794354843536532,10.334133453186482,71.18047959061079,,4.332056958238602,8357.0,0.7586,,
Stockholm,2019,8,1,Layered clothing,17.026948913451164,0.11747311832763815,10.85633686056701,77.95032878588604,,4.557142857142857,70.0,0.0064,,
Stockholm,2019,9,2,Casual wear,12.247777769962946,0.06263888953253627,12.383068911565674,77.86766220728556,,4.3137009842212155,6401.0,0.5811,,
Stockholm,2019,10,2,Heavy outerwear,6.449126335146326,0.100000000488694,11.746022797399952,87.96385601002683,,4.533333333333333,75.0,0.0068,,
Stockholm,2019,11,2,Heavy outerwear,3.1531249996067747,0.11611111163058215,11.03947087791231,92.29007256825766,,4.439655172413793,116.0,0.0105,,
Stockholm,2019,12,3,Heavy outerwear,1.894623656086223,0.10873655954836517,13.279254660891588,91.99150242344025,,4.616,125.0,0.0113,,
Stockholm,2020,1,3,Heavy outerwear,3.3630376434784823,0.041397849548487894,16.19897800932328,84.02795064577492,,4.543103448275862,116.0,0.0105,,
Stockholm,2020,2,3,Heavy outerwear,1.8892959796705808,0.0568965520260149,16.522233258290537,80.25062029389129,,4.4945054945054945,91.0,0.0083,,
Stockholm,2020,3,0,Heavy outerwear,2.537365595654895,0.09502688238537439,14.562326848026245,72.36122709192256,,4.511111111111111,45.0,0.0041,,
Stockholm,2020,4,0,Heavy outerwear,6.1291666665631865,0.03027777827034394,14.10641007191605,60.91795734564463,,4.575757575757576,33.0,0.003,,
Stockholm,2020,5,0,Heavy outerwear,8.658198936787304,0.08978494673326451,10.870868110849012,69.58072993319522,,4.6875,16.0,0.0015,,
Stockholm,2020,6,1,Layered clothing,17.32687500251664,0.08138888911861512,10.648525205502908,64.70950757132636,,4.565217391304348,23.0,0.0021,,
Stockholm,2020,7,1,Layered clothing,16.041532253706325,0.09274193605468158,11.951177343485817,70.01911832696648,,4.541666666666667,24.0,0.0022,,
Stockholm,2020,8,1,Layered clothing,18.083938166659365,0.027688172125127367,10.246684522197771,69.1405820308193,,4.6923076923076925,39.0,0.0035,,
Stockholm,2020,9,2,Layered clothing,13.493194444974263,0.04138888935041096,12.521699384599923,79.44734978146023,,4.666666666666667,57.0,0.0052,,
Stockholm,2020,10,2,Layered clothing,8.54596774829852,0.13198924793671535,12.349529301046685,88.41278106935563,,4.63013698630137,73.0,0.0066,,
Stockholm,2020,11,2,Layered clothing,5.984583329145486,0.04805555645790365,13.609022520648109,88.41990223460728,,4.5375,80.0,0.0073,,
Stockholm,2020,12,3,Heavy outerwear,3.2315188183459225,0.09677419460989455,12.31230188441533,92.98659346180577,,4.645161290322581,62.0,0.0056,,
Stockholm,2021,1,3,Heavy outerwear,-2.0659946210542195,0.09704301189831509,11.480948297487151,90.57456662577968,,4.55,60.0,0.0054,,
Stockholm,2021,2,3,Thermal wear,-3.1403273878885165,0.02187500022617834,11.85892580556018,84.76543098404294,,4.674418604651163,43.0,0.0039,,
Stockholm,2021,3,0,Heavy outerwear,2.526814514175258,0.0288978497027069,13.860337782931584,72.95381045597856,,4.565217391304348,46.0,0.0042,,
Stockholm,2021,4,0,Heavy outerwear,4.190694440109655,0.044027778185490106,13.336130278433362,63.243864030308195,,4.552631578947368,38.0,0.0034,,
Stockholm,2021,5,0,Heavy outerwear,9.694086033270084,0.17540322657754664,10.975538675503064,74.82100730301231,,4.571428571428571,28.0,0.0025,,
Stockholm,2021,6,1,Layered clothing,18.09548613362842,0.09263888913103276,9.659849742468861,71.26507614453634,,4.533333333333333,15.0,0.0014,,
Stockholm,2021,7,1,Layered clothing,19.919690830733188,0.07768817224930372,10.282919942691763,71.33339874718779,,4.636363636363637,22.0,0.002,,
Stockholm,2021,8,1,Layered clothing,14.899462355721381,0.18252688257764743,11.504685353527787,80.78284329752768,,4.863636363636363,22.0,0.002,,
Stockholm,2021,9,2,Layered clothing,11.798194431141019,0.040555555766655337,11.921294664219023,78.66833751996359,,4.55,40.0,0.0036,,
Stockholm,2021,10,2,Layered clothing,8.508938176492329,0.06881720464556448,14.323300720222536,84.3853103832532,,4.590163934426229,61.0,0.0055,,
Stockholm,2021,11,2,Layered clothing,2.7250694397992143,0.04013888931108846,12.52572217401531,88.3931483215756,,4.5,50.0,0.0045,,
Stockholm,2021,12,3,Thermal wear,-2.7921371012575604,0.041935484325613386,11.921903829420767,86.93880264733427,,4.775510204081633,49.0,0.0044,,
Stockholm,2022,1,3,Heavy outerwear,-0.3223790333616317,0.07768817246961658,15.231197979661726,82.64961756429365,,4.6461538461538465,65.0,0.0059,,
Stockholm,2022,2,3,Heavy outerwear,-0.08802083025442525,0.08616071512612204,14.364827819168568,82.67831028643108,,4.78,50.0,0.0045,,
Stockholm,2022,3,0,Heavy outerwear,2.245766128313237,0.005107526937800069,11.488576075602923,68.72208452224731,,4.585365853658536,41.0,0.0037,,
Stockholm,2022,4,0,Heavy outerwear,4.335833340665946,0.04736111151675383,11.592581320636802,66.14275567531585,,4.741935483870968,31.0,0.0028,,
Stockholm,2022,5,0,Heavy outerwear,10.295967732706378,0.07782258117391218,11.934076296305784,66.5093108248967,,4.379310344827586,29.0,0.0026,,
Stockholm,2022,6,1,Layered clothing,16.671874999337724,0.11513888884542717,10.687291025411751,72.81444515122308,,4.333333333333333,18.0,0.0016,,
Stockholm,2022,7,1,Casual wear,17.411491942662064,0.06424731250491834,10.921064999114762,69.73713409772483,,4.196918955123912,5972.0,0.5421,,
Stockholm,2022,8,1,Layered clothing,18.49731183116154,0.12298387076745751,10.629554670504344,74.39273217929306,,4.604651162790698,43.0,0.0039,,
Stockholm,2022,9,2,Layered clothing,10.744722224275272,0.056388889242791465,10.392775856951873,81.82022055519951,,4.633333333333334,60.0,0.0054,,
Stockholm,2022,10,2,Layered clothing,9.092540320289391,0.05524193578630045,12.562359189554568,85.9741169047612,,4.578947368421052,114.0,0.0103,,
Stockholm,2022,11,2,Layered clothing,4.740763892114369,0.07097222290726171,11.673285537295872,89.97001016404894,,4.637362637362638,91.0,0.0083,,
Stockholm,2022,12,3,Heavy outerwear,-2.425739244823294,0.04704301148372632,11.386182759998627,91.08792473167502,,4.611111111111111,90.0,0.0082,,
Stockholm,2023,1,3,Heavy outerwear,0.2710349503804439,0.09086021588694665,13.72856853565862,89.88527622530538,,4.578947368421052,76.0,0.0069,,
Stockholm,2023,2,3,Heavy outerwear,-0.49412202137699796,0.05208333330007181,13.033256930432149,81.83952909991855,,4.891891891891892,37.0,0.0034,,
Stockholm,2023,3,0,Heavy outerwear,-0.7307795635274341,0.10174731291349857,13.41809036086003,79.91050768411287,,4.2631578947368425,19.0,0.0017,,
Stockholm,2023,4,0,Thermal wear,4.327638890082016,0.023888889017204443,10.6861297218336,72.11146902773115,,,,,,
Stockholm,2023,5,0,Heavy outerwear,11.071774193636513,0.049059140105401314,10.808600629169133,58.88493816826933,,,,,,
Stockholm,2023,6,1,Layered clothing,17.074652779102326,0.06000000022144781,9.687741752382781,60.055979704856874,,,,,,
Stockholm,2023,7,1,Casual wear,16.7808467688099,0.17997311984979977,11.691849672826388,74.09150952677572,,,,,,
Stockholm,2023,8,1,Layered clothing,16.364650510972545,0.15376344196979078,11.06020777263949,85.39487775679558,,,,,,
Stockholm,2023,9,2,Layered clothing,15.254861127005682,0.05694444449618459,11.80922755756312,84.08926331732007,,,,,,
Stockholm,2023,10,2,Layered clothing,6.472177420036807,0.10403225845306792,14.790235340194677,80.85175943887361,,,,,,
Stockholm,2023,11,2,Heavy outerwear,1.121111102992048,0.10152777822481261,11.300002858539422,90.72714248233372,,,,,,
Stockholm,2023,12,3,Heavy outerwear,-2.7847446166880188,0.07661290368646063,11.65592826534343,91.58290126759519,,,,,,
Sydney,2019,1,3,Light clothing,24.37419355812893,0.04287634464481505,13.926555826378767,79.63110319260628,,4.3,40.0,0.0036,,
Sydney,2019,2,3,Casual wear,22.727827390034992,0.09360119123898801,14.223556675859506,72.93110177346638,,4.350398179749716,4395.0,0.399,,
Sydney,2019,3,0,Light clothing,21.54442205352168,0.2514784952765831,13.061591814041778,76.34616510842436,,4.384615384615385,65.0,0.0059,,
Sydney,2019,4,0,Casual wear,18.688888867696125,0.02791666705161333,9.528324596914981,79.36292504204644,,4.336391437308868,5232.0,0.4749,,
Sydney,2019,5,0,Casual wear,15.347177405511179,0.03830645175310232,12.861815263587301,70.84335089498951,,4.297490414778668,5738.0,0.5209,,
Sydney,2019,6,1,Casual wear,12.90305555264155,0.11263888955323233,12.400279900266064,77.364607085122,,4.316028018129378,7281.0,0.6609,,
Sydney,2019,7,1,Layered clothing,12.575268822331582,0.025000000362514808,12.658561391695853,68.85726019900332,,4.512820512820513,39.0,0.0035,,
Sydney,2019,8,1,Layered clothing,12.353091374840787,0.08575268854857773,14.606240967989608,65.74358797073364,,4.557142857142857,70.0,0.0064,,
Sydney,2019,9,2,Casual wear,14.829444448815451,0.12597222249541018,13.467270688215892,70.2202123509513,,4.3137009842212155,6401.0,0.5811,,
Sydney,2019,10,2,Casual wear,17.479973116228656,0.04193548399514409,12.383759894919011,70.48793244361877,,4.331393775372124,7390.0,0.6708,,
Sydney,2019,11,2,Casual wear,20.048263890213438,0.05180555590324932,14.574735240141552,64.21680489910973,,4.3534933619417995,7457.0,0.6769,,
Sydney,2019,12,3,Casual wear,22.057258097074364,0.01895161322568373,14.786291902504301,66.5027472101232,,4.356753812636166,11016.0,1.0,,
Sydney,2020,1,3,Casual wear,23.54516129083531,0.13467742034023808,13.964391445761086,77.07874014300685,,4.392203133849349,10594.0,0.9617,,
Sydney,2020,2,3,Light clothing,22.265876468570752,0.40445402570753947,13.236950625633371,78.70093428403482,,4.633663366336633,101.0,0.0092,,
Sydney,2020,3,0,Light clothing,19.988575266253562,0.17903225960069766,12.585698634626404,79.39691620744685,,4.584615384615384,65.0,0.0059,,
Sydney,2020,4,0,Casual wear,17.91708334022098,0.12263888912275434,12.135670920047495,73.59582875039843,,4.320467000238265,4197.0,0.381,,
Sydney,2020,5,0,Layered clothing,14.216868260214406,0.1319892479467296,13.86784236437531,74.75008076749822,,4.7894736842105265,19.0,0.0017,,
Sydney,2020,6,1,Casual wear,12.23000001443757,0.07000000098099311,11.610988424428635,79.46629157596165,,4.304813839789395,5318.0,0.4828,,
Sydney,2020,7,1,Layered clothing,12.12116935368507,0.20631720428104683,12.650433312500677,78.62120713469803,,4.541666666666667,24.0,0.0022,,
Sydney,2020,8,1,Layered clothing,12.182392478630106,0.09032258029866924,13.6883919668454,69.1996372489519,,4.6923076923076925,39.0,0.0035,,
Sydney,2020,9,2,Layered clothing,15.81777775618765,0.0651388892179562,13.270109134250218,70.09302928447724,,4.666666666666667,57.0,0.0052,,
Sydney,2020,10,2,Casual wear,17.762432794417105,0.19314516261620548,13.745097915651979,76.72597581853148,,4.298559364133134,6039.0,0.5482,,
Sydney,2020,11,2,Waterproof clothing,19.839791640970443,0.09111111040951478,14.071275542759233,74.23843056095971,,4.25,12.0,0.0011,,
Sydney,2020,12,3,Casual wear,20.80396505196889,0.16384408733136552,14.947777360357264,74.5720909385271,,4.305716406829992,6735.0,0.6114,,
Sydney,2021,1,3,Casual wear,21.73729839888952,0.09327957088187817,14.314782406373691,76.20223075856444,,4.317986845867887,6994.0,0.6349,,
Sydney,2021,2,3,Casual wear,21.236383920624142,0.15848214456456758,14.117074388301088,79.33377846082051,,4.31011756323477,5614.0,0.5096,,
Sydney,2021,3,0,Light clothing,20.1725806279849,0.3837365578078935,14.934250530696684,77.03919030774024,,4.666666666666667,90.0,0.0082,,
Sydney,2021,4,0,Casual wear,16.93708333770434,0.02375000017798609,10.12658568488227,74.59155135684543,,4.2394951957550555,6973.0,0.633,,
Sydney,2021,5,0,Casual wear,14.562096785473567,0.1178763446107667,11.89786794240917,76.49764085072343,,4.241331907744005,6547.0,0.5943,,
Sydney,2021,6,1,Layered clothing,11.994861127932866,0.1041666676186853,12.183118352500928,78.49235146840414,,4.533333333333333,15.0,0.0014,,
Sydney,2021,7,1,Layered clothing,11.782392483565115,0.04059139795361027,14.25197501576716,69.72857754973955,,4.636363636363637,22.0,0.002,,
Sydney,2021,8,1,Casual wear,13.13561829700265,0.11129032359809003,13.3497581263223,66.79743387622219,,4.181261690188744,5881.0,0.5339,,
Sydney,2021,9,2,Casual wear,15.194930548800363,0.0693055554293096,14.707731272031863,66.71278618839052,,4.220317725752508,4784.0,0.4343,,
Sydney,2021,10,2,Casual wear,16.858602173866764,0.10188172156772306,12.574062126778788,70.17561935609386,,4.180900766211923,5351.0,0.4857,,
Sydney,2021,11,2,Casual wear,18.11722218857871,0.21986111289718085,14.400313446422418,78.35625695917341,,4.193602693602694,4752.0,0.4314,,
Sydney,2021,12,3,Casual wear,20.397647857666016,0.12486559199669989,13.729974711133588,77.39309240669333,,4.206890699253225,5892.0,0.5349,,
Sydney,2022,1,3,Light clothing,22.77130377164451,0.15658602264699756,13.952755187387748,80.44234159941314,,4.551020408163265,49.0,0.0044,,
Sydney,2022,2,3,Light clothing,21.692708283662796,0.2876488125905217,13.784908675189529,77.74318916173209,,4.526315789473684,38.0,0.0034,,
Sydney,2022,3,0,Waterproof clothing,20.401008062465216,0.47069892515578576,13.493490200850271,82.72809301396852,,4.0,7.0,0.0006,,
Sydney,2022,4,0,Waterproof clothing,18.175277769565582,0.22750000049256616,11.06817912802928,80.39834678967794,,4.0,9.0,0.0008,,
Sydney,2022,5,0,Casual wear,15.163575283942684,0.15967741951106057,10.606295073905619,80.24341793470485,,4.191505791505792,5180.0,0.4702,,
Sydney,2022,6,1,Layered clothing,11.674444434046745,0.03472222272927562,14.428155441996124,71.4177491929796,,4.333333333333333,18.0,0.0016,,
Sydney,2022,7,1,Waterproof clothing,12.326344104864264,0.34556451588067955,15.529033413777748,75.78213339467203,,4.666666666666667,6.0,0.0005,,
Sydney,2022,8,1,Casual wear,13.306182775446164,0.08239247324445875,13.824345656620558,70.91064963289486,,4.218103722558066,6286.0,0.5706,,
Sydney,2022,9,2,Casual wear,14.719583322604498,0.1173611124460068,14.286293957299657,74.49013704458872,,4.2654462242562925,5244.0,0.476,,
Sydney,2022,10,2,Casual wear,17.146236547859765,0.23481182839160644,13.174809725214077,77.03629314258535,,4.261754797129046,6827.0,0.6197,,
Sydney,2022,11,2,Casual wear,17.710972196525997,0.02430555581425627,13.731804504576656,67.97178294393751,,4.322585373003077,6823.0,0.6194,,
Sydney,2022,12,3,Casual wear,19.213172025577997,0.03508064569404689,14.630464179942043,70.25996312274728,,4.315405139727567,7121.0,0.6464,,
Sydney,2023,1,3,Casual wear,21.470430095990498,0.2288978510105642,13.36116748303175,79.28622941047915,,4.319271057540536,6969.0,0.6326,,
Sydney,2023,2,3,Casual wear,22.1802083168711,0.14315476322857043,12.725427548534103,74.64975154967536,,4.296826625386997,5168.0,0.4691,,
Sydney,2023,3,0,Light clothing,21.77889786740785,0.13346774285278654,11.16335944218501,74.92892591414913,,4.470588235294118,51.0,0.0046,,
Sydney,2023,4,0,Casual wear,17.35743056403266,0.11569444446100129,11.986790821618504,76.67288312911987,,,,,,
Sydney,2023,5,0,Casual wear,13.347782246528133,0.040860214881518836,13.003388431043394,71.44562877121793,,,,,,
Sydney,2023,6,1,Casual wear,12.478819457027647,0.027638889383524656,12.13207055379947,70.32723743120829,,,,,,
Sydney,2023,7,1,Layered clothing,12.640053742995827,0.02956989273348803,11.961976707622568,70.40863860294382,,,,,,
Sydney,2023,8,1,Casual wear,13.358333356918827,0.05591397906743711,10.701040757159072,75.62587673433366,,,,,,
Sydney,2023,9,2,Casual wear,16.562013877100416,0.025972222360885807,12.386282734158966,64.5572612894906,,,,,,
Sydney,2023,10,2,Light clothing,18.32869622912458,0.05739247385332341,14.888341763968109,61.875186929138756,,,,,,
Sydney,2023,11,2,Casual wear,19.55083331929313,0.1845833335071802,13.468925717555814,79.30433209207322,,,,,,
Sydney,2023,12,3,Casual wear,22.16774194984026,0.15967742016198494,13.013688388130356,77.34825383463213,,,,,,
Tokyo,2019,1,3,Heavy outerwear,3.690927416131261,0.020833333293276447,17.787781343745287,61.901153079925045,,4.553191489361702,47.0,0.0043,,
Tokyo,2019,2,3,Heavy outerwear,5.938913687331868,0.08824404859028402,17.23510354353736,66.04592095102582,,4.578947368421052,38.0,0.0034,,
Tokyo,2019,3,0,Layered clothing,8.8999327852601,0.1423387098957294,17.689784460170294,67.19301567795456,,4.345454545454546,55.0,0.005,,
Tokyo,2019,4,0,Layered clothing,12.511666668372023,0.17277777889329526,17.338874905059736,67.29870162010192,,4.642857142857143,28.0,0.0025,,
Tokyo,2019,5,0,Casual wear,18.501881753244707,0.17016129015434173,15.80917503736833,72.63133426891861,,4.297490414778668,5738.0,0.5209,,
Tokyo,2019,6,1,Casual wear,21.26805554231008,0.3523611100907955,14.864925781140725,80.95598146650526,,4.316028018129378,7281.0,0.6609,,
Tokyo,2019,7,1,Casual wear,23.895362838622063,0.3021505391425503,13.543283128209653,85.80159997940063,,4.332056958238602,8357.0,0.7586,,
Tokyo,2019,8,1,Light clothing,27.684946234508228,0.16586021661397912,14.654437075939871,80.0245780175732,,4.4245283018867925,106.0,0.0096,,
Tokyo,2019,9,2,Light clothing,24.148055540190803,0.2663888889054457,13.363007257878781,79.88285164833069,,4.477777777777778,90.0,0.0082,,
Tokyo,2019,10,2,Casual wear,18.719422059674418,0.6044354839751156,17.029926935190794,80.01078824074038,,4.331393775372124,7390.0,0.6708,,
Tokyo,2019,11,2,Casual wear,11.732569448815452,0.18541666698745554,15.28249353799555,74.44657468265957,,4.3534933619417995,7457.0,0.6769,,
Tokyo,2019,12,3,Heavy outerwear,6.931048382954892,0.10483871019815885,15.225607529603025,75.20118191934401,,4.616,125.0,0.0113,,
Tokyo,2020,1,3,Heavy outerwear,5.59751343995493,0.17889784896365737,15.182252717755174,74.07244173172981,,4.543103448275862,116.0,0.0105,,
Tokyo,2020,2,3,Layered clothing,6.5719109249740155,0.05660919586046674,15.362659300795231,68.2750963287792,,4.328125,64.0,0.0058,,
Tokyo,2020,3,0,Layered clothing,9.267338712990124,0.1728494622574378,17.90176133771417,71.69694111424107,,4.526315789473684,38.0,0.0034,,
Tokyo,2020,4,0,Layered clothing,11.69256944027212,0.2751388873284062,19.141392256981796,69.80472270647685,,4.46875,32.0,0.0029,,
Tokyo,2020,5,0,Casual wear,18.6714381863994,0.17728494644485493,16.85365905692821,77.06034235031375,,4.255749770009199,4348.0,0.3947,,
Tokyo,2020,6,1,Casual wear,22.751111136542427,0.3109722231618232,15.778637801317705,81.12706075244479,,4.304813839789395,5318.0,0.4828,,
Tokyo,2020,7,1,Light clothing,24.17856179001511,0.43239247393343716,17.778488959195794,86.9252122089427,,4.544776119402985,134.0,0.0122,,
Tokyo,2020,8,1,Light clothing,28.454973131097773,0.07029569964174942,12.979040901667329,77.54183983546432,,4.664,125.0,0.0113,,
Tokyo,2020,9,2,Light clothing,23.93124997085995,0.2206944455082218,16.09634743664,82.06848658455743,,4.544554455445544,101.0,0.0092,,
Tokyo,2020,10,2,Casual wear,16.445967725528185,0.3161290321318853,13.821247103634061,78.62263801020961,,4.298559364133134,6039.0,0.5482,,
Tokyo,2020,11,2,Layered clothing,12.468333323134317,0.043194444767302935,14.70575706337889,73.12610626750522,,4.5375,80.0,0.0073,,
Tokyo,2020,12,3,Layered clothing,6.0154569968380915,0.01962365615632265,11.26780907569393,68.1425321589234,,4.6419753086419755,81.0,0.0074,,
Tokyo,2021,1,3,Heavy outerwear,3.735618289670236,0.07204301116527409,14.40414567492021,63.88378175099691,,4.55,60.0,0.0054,,
Tokyo,2021,2,3,Heavy outerwear,6.499925584665367,0.0915178585841897,17.524071249046496,59.808167213485355,,4.48,50.0,0.0045,,
Tokyo,2021,3,0,Layered clothing,11.355107525944389,0.2231182819432629,19.45128984020282,67.96821126886593,,4.394736842105263,38.0,0.0034,,
Tokyo,2021,4,0,Casual wear,13.966736104091009,0.19402777691268258,17.686019430557888,63.9974387354321,,4.2394951957550555,6973.0,0.633,,
Tokyo,2021,5,0,Casual wear,19.224126360749686,0.16935483953084357,17.953394558801445,72.3239701358221,,4.241331907744005,6547.0,0.5943,,
Tokyo,2021,6,1,Casual wear,22.30583329465654,0.19583333500971398,13.748305409070518,77.36163794199625,,4.233379183860614,6543.0,0.594,,
Tokyo,2021,7,1,Waterproof clothing,25.399260741408153,0.5352150547288118,11.432226920680653,83.54452550539406,,4.5,4.0,0.0004,,
Tokyo,2021,8,1,Light clothing,26.75813168095004,0.326881720784611,16.57857688171889,80.80119808771278,,4.415254237288136,118.0,0.0107,,
Tokyo,2021,9,2,Casual wear,21.682291632228427,0.2548611142155197,13.82197304873003,82.36722213427225,,4.220317725752508,4784.0,0.4343,,
Tokyo,2021,10,2,Waterproof clothing,17.188575260100826,0.21653225862731537,15.250411748084971,79.17019138028544,,3.625,8.0,0.0007,,
Tokyo,2021,11,2,Casual wear,12.065555559181504,0.1583333325986233,13.11541631453567,73.97319168514676,,4.193602693602694,4752.0,0.4314,,
Tokyo,2021,12,3,Layered clothing,5.658534940652629,0.11680107535694235,15.417672001426258,70.60445167428703,,4.605633802816901,71.0,0.0064,,
Tokyo,2022,1,3,Heavy outerwear,3.0632392506225297,0.03239247342070905,16.476494313327855,62.515683563806675,,4.6461538461538465,65.0,0.0059,,
Tokyo,2022,2,3,Heavy outerwear,3.519791663857177,0.11011904794057566,14.930461062561898,62.715378545579455,,4.78,50.0,0.0045,,
Tokyo,2022,3,0,Layered clothing,9.92291665173346,0.18817204326110823,16.43381631526575,67.8642716228321,,4.529411764705882,34.0,0.0031,,
Tokyo,2022,4,0,Layered clothing,14.224305533369382,0.3051388899795711,15.960940836204422,77.86706810792288,,4.391304347826087,23.0,0.0021,,
Tokyo,2022,5,0,Layered clothing,18.042338698141037,0.25188171952682475,14.60922670684835,77.09848911787874,,4.631578947368421,19.0,0.0017,,
Tokyo,2022,6,1,Casual wear,22.400555570920307,0.15111111141741276,14.860952870837517,78.59972011778089,,4.23406176629944,5537.0,0.5026,,
Tokyo,2022,7,1,Light clothing,26.91276882540795,0.2010752705516674,15.71061867559629,78.59251475077804,,4.486486486486487,111.0,0.0101,,
Tokyo,2022,8,1,Light clothing,27.172647860742384,0.12903225807453034,17.3599968858624,78.75910013978199,,4.645833333333333,96.0,0.0087,,
Tokyo,2022,9,2,Light clothing,23.83479166958067,0.35444444094060196,14.539567584047715,80.30706690152486,,4.541176470588235,85.0,0.0077,,
Tokyo,2022,10,2,Casual wear,16.429435477461865,0.18454301208057391,14.591518913866372,77.02500077216855,,4.261754797129046,6827.0,0.6197,,
Tokyo,2022,11,2,Layered clothing,13.19229164454672,0.14236111238391863,14.297862578680117,75.73867519166734,,4.637362637362638,91.0,0.0083,,
Tokyo,2022,12,3,Layered clothing,5.593615589117611,0.09287634383766882,12.867060025613155,70.22260374920343,,4.649484536082475,97.0,0.0088,,
Tokyo,2023,1,3,Heavy outerwear,3.983669357950128,0.03548387135629372,14.229799927723024,65.92058526828725,,4.578947368421052,76.0,0.0069,,
Tokyo,2023,2,3,Heavy outerwear,5.817708335478701,0.05699404774765883,18.37704524575245,63.0814695642108,,4.891891891891892,37.0,0.0034,,
Tokyo,2023,3,0,Layered clothing,12.062365571016906,0.18185483915631168,15.911762732691983,69.49881478791596,,4.44,25.0,0.0023,,
Tokyo,2023,4,0,Casual wear,15.319513879881965,0.1595833345523311,20.290348901185723,65.21849160459307,,,,,,
Tokyo,2023,5,0,Casual wear,18.003897885481518,0.20537634395183094,17.210268715937293,74.18645900295627,,,,,,
Tokyo,2023,6,1,Casual wear,22.590486126475863,0.416111113017218,13.291132387104962,79.93997413847181,,,,,,
Tokyo,2023,7,1,Light clothing,28.476478538205548,0.08508064550778238,14.655965112790625,69.44295350710551,,,,,,
Tokyo,2023,8,1,Light clothing,28.737365589346936,0.1877688185502124,15.67441182447377,75.47486615437333,,,,,,
Tokyo,2023,9,2,Light clothing,26.082013887829252,0.2894444456944863,13.928518558914464,79.71254037751092,,,,,,
Tokyo,2023,10,2,Light clothing,17.652553719858968,0.13306451733073882,14.407482216915776,71.04554316561709,,,,,,
Tokyo,2023,11,2,Casual wear,12.938611104753281,0.0812500000724362,13.872653564645184,71.42244582176208,,,,,,
Tokyo,2023,12,3,Layered clothing,7.844018813222647,0.044623655938012624,13.659753319396767,66.2966405678821,,,,,,
Toronto,2019,1,3,Heavy outerwear,-5.561424730861339,0.0936827960233855,18.229284331843417,66.96216981641707,,4.553191489361702,47.0,0.0043,,
Toronto,2019,2,3,Thermal wear,-4.10252976150895,0.10997023932369691,18.380436507718905,72.9733513309842,,4.72,25.0,0.0023,,
Toronto,2019,3,0,Thermal wear,-1.445094073812167,0.09260752698987403,15.008868496504522,67.61699827512105,,4.476190476190476,21.0,0.0019,,
Toronto,2019,4,0,Heavy outerwear,5.652638890868467,0.16097222286173038,15.923056578305033,72.75403307278951,,4.788461538461538,52.0,0.0047,,
Toronto,2019,5,0,Layered clothing,11.059946234187771,0.14381720439120327,13.213468700527184,78.21638143190773,,4.378378378378378,37.0,0.0034,,
Toronto,2019,6,1,Layered clothing,17.050069446696174,0.1370833330373797,12.686688297159142,72.59096166027916,,4.547169811320755,53.0,0.0048,,
Toronto,2019,7,1,Casual wear,22.711223120330484,0.07983870978557295,10.419946772917625,72.02367668254401,,4.332056958238602,8357.0,0.7586,,
Toronto,2019,8,1,Casual wear,21.2200268583913,0.08602150631768088,11.914818757083466,66.00471612714952,,4.320455528326366,6937.0,0.6297,,
Toronto,2019,9,2,Casual wear,18.0136805401908,0.08847222225740552,12.542197111745676,73.94090872340732,,4.3137009842212155,6401.0,0.5811,,
Toronto,2019,10,2,Layered clothing,11.592876347643072,0.17741935500895145,15.192382190336463,75.0330789217385,,4.489583333333333,96.0,0.0087,,
Toronto,2019,11,2,Waterproof clothing,1.3711805558246044,0.07611111169680954,14.717662474513054,73.86867615911696,,4.1875,16.0,0.0015,,
Toronto,2019,12,3,Heavy outerwear,-0.5182795658136808,0.11048387130221693,15.469880327982928,76.21214059604111,,4.616,125.0,0.0113,,
Toronto,2020,1,3,Heavy outerwear,-1.0858198855202446,0.16263440822161013,14.703667569064326,75.78878770336028,,4.543103448275862,116.0,0.0105,,
Toronto,2020,2,3,Heavy outerwear,-2.5734913799397905,0.08376436852903545,15.172764003276825,70.15599767367046,,4.4945054945054945,91.0,0.0083,,
Toronto,2020,3,0,Thermal wear,2.6329973116917635,0.08696236569554575,15.8324918498195,72.91321992361418,,4.857142857142857,14.0,0.0013,,
Toronto,2020,4,0,Heavy outerwear,5.347777781294038,0.09888888919312093,15.990481654306253,62.033580607838104,,4.575757575757576,33.0,0.003,,
Toronto,2020,5,0,Layered clothing,11.054838727158243,0.0741935489719273,13.701692436130777,68.925189036195,,4.7894736842105265,19.0,0.0017,,
Toronto,2020,6,1,Layered clothing,19.467430543899535,0.06416666689846251,12.297791166355212,64.60659045113458,,4.565217391304348,23.0,0.0021,,
Toronto,2020,7,1,Casual wear,24.54448921449723,0.06465053817717939,11.797289373733664,64.69341076061289,,4.302545691906006,6128.0,0.5563,,
Toronto,2020,8,1,Light clothing,21.95477149307087,0.09274193590446826,12.175990306241538,69.52542832846282,,4.664,125.0,0.0113,,
Toronto,2020,9,2,Casual wear,17.29305556350284,0.0700000004325476,13.81757645259301,69.16820419099597,,4.319737800436999,5492.0,0.4985,,
Toronto,2020,10,2,Layered clothing,10.171303765653002,0.09489247356090814,14.777175523901498,72.68627381068404,,4.63013698630137,73.0,0.0066,,
Toronto,2020,11,2,Layered clothing,6.97895832994125,0.10083333321122659,15.774371770272653,72.23937747213576,,4.5375,80.0,0.0073,,
Toronto,2020,12,3,Heavy outerwear,0.2620295694308175,0.08951612999562615,16.744115189198524,74.44963172174269,,4.645161290322581,62.0,0.0056,,
Toronto,2021,1,3,Heavy outerwear,-1.9553763444325136,0.04932795692315345,13.38954557630644,74.4386419121937,,4.55,60.0,0.0054,,
Toronto,2021,2,3,Thermal wear,-4.757589290173547,0.07752976252786106,16.064212649351074,67.21432938462212,,4.674418604651163,43.0,0.0039,,
Toronto,2021,3,0,Heavy outerwear,2.6480510822867833,0.05322580728479611,15.6967068650229,61.698457110312674,,4.565217391304348,46.0,0.0042,,
Toronto,2021,4,0,Heavy outerwear,6.929097206647405,0.08222222278515498,14.599931031051609,68.1220197916031,,4.552631578947368,38.0,0.0034,,
Toronto,2021,5,0,Layered clothing,13.172916664631776,0.04475806493272064,12.72295914097659,59.57912455322922,,4.782608695652174,23.0,0.0021,,
Toronto,2021,6,1,Casual wear,20.782638876967958,0.1543055567269524,14.6050991570784,65.75893927150302,,4.233379183860614,6543.0,0.594,,
Toronto,2021,7,1,Casual wear,20.788306456740184,0.15456989327425597,12.080524712480525,76.11068221574189,,4.226178463312671,6937.0,0.6297,,
Toronto,2021,8,1,Casual wear,23.35571237020595,0.05188172085270766,11.158890296254427,72.6912087445618,,4.181261690188744,5881.0,0.5339,,
Toronto,2021,9,2,Casual wear,18.1854860941569,0.19472222313698795,13.909245188285906,70.45755508210924,,4.220317725752508,4784.0,0.4343,,
Toronto,2021,10,2,Layered clothing,13.960618288927181,0.16330645237398403,13.68810277151805,81.46045018780616,,4.590163934426229,61.0,0.0055,,
Toronto,2021,11,2,Layered clothing,4.2910416708017385,0.06916666695227226,14.080897655586401,73.50869042608473,,4.5,50.0,0.0045,,
Toronto,2021,12,3,Heavy outerwear,1.5412634386110209,0.10309139859452042,16.312016883524514,74.71604063177621,,4.482142857142857,56.0,0.0051,,
Toronto,2022,1,3,Heavy outerwear,-7.5446236554222805,0.07311828026888512,15.08270155822718,68.14618683374056,,4.6461538461538465,65.0,0.0059,,
Toronto,2022,2,3,Thermal wear,-4.272470235480883,0.1375000017052073,17.090246768579597,72.40617883773078,,4.285714285714286,28.0,0.0025,,
Toronto,2022,3,0,Thermal wear,1.044959674138696,0.0951612916104095,15.683493393082772,68.93676082549557,,4.5,26.0,0.0024,,
Toronto,2022,4,0,Layered clothing,5.885555553425931,0.08625000059190724,15.268536365860038,69.92865633699628,,4.391304347826087,23.0,0.0021,,
Toronto,2022,5,0,Layered clothing,14.050940864829608,0.08373655926596413,12.745988070844643,70.79953183409988,,4.631578947368421,19.0,0.0017,,
Toronto,2022,6,1,Light clothing,18.352083306180106,0.15625000087958243,12.831439343012041,67.30065876642863,,4.670886075949367,79.0,0.0072,,
Toronto,2022,7,1,Light clothing,21.54348118459025,0.0999999994972861,11.933559840565087,68.08207905164329,,4.486486486486487,111.0,0.0101,,
Toronto,2022,8,1,Casual wear,21.735819888371292,0.1043010752507916,11.465375277383995,72.08651656489218,,4.218103722558066,6286.0,0.5706,,
Toronto,2022,9,2,Casual wear,17.489791693290076,0.0743055554313792,11.803432752523157,75.50724702941046,,4.2654462242562925,5244.0,0.476,,
Toronto,2022,10,2,Layered clothing,10.189919353983495,0.06317204307083801,12.860443292606261,72.65802691572456,,4.578947368421052,114.0,0.0103,,
Toronto,2022,11,2,Layered clothing,5.239652770881851,0.09916666634380818,15.157921975106001,74.4003443453047,,4.637362637362638,91.0,0.0083,,
Toronto,2022,12,3,Heavy outerwear,0.0774865571549663,0.12002688187665196,18.230779475983113,73.76735970281786,,4.611111111111111,90.0,0.0082,,
Toronto,2023,1,3,Heavy outerwear,-0.7124999990456448,0.12029569896478806,13.76180707927673,81.7993395405431,,4.578947368421052,76.0,0.0069,,
Toronto,2023,2,3,Thermal wear,-1.86845238157548,0.1114583338743874,16.83829870873264,72.9241696142015,,4.733333333333333,15.0,0.0014,,
Toronto,2023,3,0,Heavy outerwear,0.3894489161940592,0.13158602120294685,16.50877591102354,74.01499069890669,,4.2631578947368425,19.0,0.0017,,
Toronto,2023,4,0,Layered clothing,7.991736113585325,0.15333333305186694,14.438080586244663,70.2457807302475,,,,,,
Toronto,2023,5,0,Layered clothing,12.86646504828366,0.06424731236471924,11.454802693218314,63.448552336744086,,,,,,
Toronto,2023,6,1,Light clothing,18.795763909816742,0.16152777876704932,12.6571146276676,68.20004953543345,,,,,,
Toronto,2023,7,1,Casual wear,21.763844056796003,0.1696236559279984,9.432825627586533,75.59399953965217,,,,,,
Toronto,2023,8,1,Casual wear,19.830174751179193,0.14032258162455213,12.04877413673106,74.94405609048823,,,,,,
Toronto,2023,9,2,Casual wear,18.15777778228124,0.021666666813608675,11.239538550873597,74.30571147070991,,,,,,
Toronto,2023,10,2,Casual wear,12.633467744144621,0.09462365623243073,14.36264826906144,73.91617913912701,,,,,,
Toronto,2023,11,2,Heavy outerwear,4.167083332496178,0.07374999989858932,15.132435210214721,70.48620858722263,,,,,,
Toronto,2023,12,3,Layered clothing,2.846975807761473,0.11814516272035337,13.310080034798512,80.87402251971665,,,,,,
